from,from_ctry,to,to_ctry,sp_distance,distance,duration,speed_kmh,speed_kmh_imp,duration_imp,border_dist,border_time,total_time,total_time_imp,rugg,pop_wpop,pop_wpop_km2,cost_km,upgrade_cat,ug_cost_km
1,GAB,2,GAB,144514.153396232,152625,1484.48333333333,6.1688129427747,100,91.575,0,0,1484.48333333333,91.575,8439.5654296875,131034.515625,127.729218695731,480717.375007306,Upgrade,407007.377506186
1,GAB,3,GAB,234443.888792812,375681.5,399.408333333333,56.4357028104071,100,225.4089,0,0,399.408333333333,225.4089,10310.5732421875,22364.046875,9.4520332711395,397772.593564483,Upgrade,336780.795884595
2,GAB,4,GAB,48259.2005854514,57539,69.9916666666667,49.3250148827242,100,34.5234,0,0,69.9916666666667,34.5234,25234.94140625,355568.15625,1026.0552244142,654085.620701547,Upgrade,553792.492193977
5,CMR,6,CMR,27144.7026991107,35682,25.6166666666667,83.5752765126871,100,21.4092,0,0,25.6166666666667,21.4092,87975.0078125,45126.58203125,206.885917857105,740490.506163646,Resurfacing,175249.419792063
5,CMR,7,NGA,357788.364718077,493932,346.691666666667,85.4820661971493,100,296.3592,1944034.6875,7592.57175,7939.26341666667,7888.93095,27761.794921875,1015322.375,297.154516514323,595593.674128547,Resurfacing,140957.169543756
5,CMR,8,CMR,71615.5844900317,106278.5,96.7416666666667,65.9148247049703,100,63.7671,0,0,96.7416666666667,63.7671,21207.6171875,1095948.375,1727.77423636841,669569.452880411,Mixed Works,360451.555467287
8,CMR,9,CMR,51877.9666250696,64862,53.7416666666667,72.4153202046829,100,38.9172,0,0,53.7416666666667,38.9172,4752.40625,1140426.5,2870.9366368129,584229.311973549,Mixed Works,314510.11294576
6,CMR,8,CMR,74888.4774409911,99302.5,73.2916666666667,81.2936895963616,100,59.5815,0,0,73.2916666666667,59.5815,30787.623046875,946803.625,1591.03148193678,695312.25294577,Resurfacing,164557.233197165
6,CMR,9,CMR,109718.392696023,153232,112.433333333333,81.7721909279573,100,91.9392,0,0,112.433333333333,91.9392,22228.517578125,37796.69140625,43.0604433107404,492926.613179841,Resurfacing,116659.298452562
10,GNQ,11,CMR,120387.388709017,293002.5,342.925,51.2652912444412,100,175.8015,1701289.0625,8206.5,8549.425,8382.3015,31886.25,94966.7109375,52.1217373838285,522985.212933671,Upgrade,442794.146950508
10,GNQ,12,GNQ,138912.98681351,177555.5,97.4,109.377104722793,109.377104722793,97.4,0,0,97.4,97.4,37873.453125,56312.3125,50.4294961554627,532429.468445389,Nothing,0
7,NGA,13,CMR,273548.991091695,374774,336.6,66.8046345811052,100,224.8644,1944034.6875,7592.57175,7929.17175,7817.43615,109980.4453125,849380.3125,350.345102248004,712449.509362697,Mixed Works,383535.319206918
7,NGA,14,NGA,203949.567615022,212430.5,132.691666666667,96.0559944734033,100,127.4583,0,0,132.691666666667,127.4583,14299.5947265625,290015.03125,199.537045996526,531782.746447284,Resurfacing,125855.249992524
4,GAB,15,GAB,93089.062575943,110264,68.8333333333333,96.1138983050848,100,66.1584,0,0,68.8333333333333,66.1584,11812.4912109375,2285.75756835938,3.35632725241513,375331.552400265,Resurfacing,89297.0856621316
4,GAB,16,GNQ,121680.637572625,163108,110.05,88.9275783734666,100,97.8648,1632187.5,5862,5972.05,5959.8648,51362.203125,7025.6806640625,7.62115710417413,474470.442467594,Resurfacing,112291.338050664
11,CMR,17,CMR,60546.01155595,67550,42.3833333333333,95.6272119543846,100,40.53,0,0,42.3833333333333,40.53,20073.775390625,43513.72265625,102.687996173472,523674.300445386,Resurfacing,123936.251105408
11,CMR,18,CMR,72413.2347656506,86186,60.1333333333333,85.9949002217295,100,51.7116,0,0,60.1333333333333,51.7116,15919.9296875,39849.27734375,75.6023748645901,496366.405460292,Resurfacing,117473.382625602
9,CMR,19,CMR,46338.1676623705,52385.5,32.825,95.7541507996954,100,31.4313,0,0,32.825,31.4313,15180.203125,23166.201171875,67.0606729186673,488605.49095023,Resurfacing,115636.632858221
9,CMR,17,CMR,42145.0291938376,48312.5,30.2416666666667,95.8528520253513,100,28.9875,0,0,30.2416666666667,28.9875,15599.9248046875,29244.154296875,93.1957362178937,562533.774329973,Resurfacing,133132.993258093
17,CMR,18,CMR,83511.9872864588,111033,93.7333333333333,71.0737553342817,100,66.6198,0,0,93.7333333333333,66.6198,24956.328125,20063.806640625,32.2218775514445,487968.278050938,Mixed Works,262689.589684088
15,GAB,20,GAB,53513.929726324,75229.5,52.425,86.0995708154507,100,45.1377,0,0,52.425,45.1377,6361.287109375,7616.107421875,18.5779189918804,395944.584702673,Resurfacing,93706.8850462989
3,GAB,20,GAB,113544.703238711,137911,96.8916666666667,85.4011524898942,100,82.7466,0,0,96.8916666666667,82.7466,16393.54296875,8647.2919921875,9.88784491165496,421997.283737615,Resurfacing,99872.6904845687
15,GAB,21,GAB,63663.8644098679,94476.5,65.2083333333333,86.9304536741214,100,56.6859,0,0,65.2083333333333,56.6859,35103.828125,4154.90869140625,8.51330064269396,457098.235082539,Resurfacing,108179.915636201
13,CMR,22,CMR,90603.9962545735,111652.5,80.0333333333333,83.7044981257809,100,66.9915,0,0,80.0333333333333,66.9915,69477.234375,135699,204.401479461329,644171.132887477,Resurfacing,152453.834783369
13,CMR,23,CMR,65998.8493760484,79399.5,63.0166666666667,75.5985718064004,100,47.6397,0,0,63.0166666666667,47.6397,77298.7578125,232137.921875,476.197453650661,700936.853696371,Mixed Works,377337.672906545
19,CMR,24,CMR,73399.3641500062,95314,79.4,72.0256926952141,100,57.1884,0,0,79.4,57.1884,17043.71484375,9797.6982421875,17.5438099414095,443601.980482443,Mixed Works,238805.732826381
19,CMR,25,CMR,33369.7238240628,36363,24.35,89.6008213552361,100,21.8178,0,0,24.35,21.8178,16066.7177734375,12427.5810546875,50.8776090583237,536618.698698801,Resurfacing,126999.758692049
18,CMR,26,CMR,31531.8982468114,36240,25.2833333333333,86.0013183915623,100,21.744,0,0,25.2833333333333,21.744,28999.26171875,5234.18115234375,22.7403826868503,538994.253329007,Resurfacing,127561.973287865
3,GAB,27,GAB,114546.589958231,127074.5,83.15,91.6953698135899,100,76.2447,0,0,83.15,76.2447,12657.7900390625,10736.2177734375,12.9056850512521,417698.727872885,Resurfacing,98855.3655965828
16,GNQ,28,GAB,51528.5227973787,70787.5,49.3916666666667,85.9912265901805,100,42.4725,1632187.5,5862,5911.39166666667,5904.4725,11068.06640625,6503.1181640625,16.5651763197879,419269.168753364,Resurfacing,99227.0366049624
16,GNQ,29,GNQ,89539.8336366321,215772,150.908333333333,85.7892981390469,100,129.4632,0,0,150.908333333333,129.4632,8298.6337890625,37900.828125,30.4847633626536,425626.031619389,Resurfacing,100731.494149922
22,CMR,24,CMR,36435.6511599951,46341,33.9083333333333,81.9993118702384,100,27.8046,0,0,33.9083333333333,27.8046,32411.6953125,9490.16015625,33.4455939760562,563795.776806609,Resurfacing,133431.667177564
24,CMR,30,CMR,29872.8344986851,41390,30.2833333333333,82.0055035773253,100,24.834,0,0,30.2833333333333,24.834,24805.96875,4745.06298828125,19.5394823688907,522514.198417107,Resurfacing,123661.693625382
25,CMR,31,CMR,12330.1549655013,15648,11.45,81.9982532751092,100,9.3888,0,0,11.45,9.3888,25045.1640625,8428.8740234375,79.8913099077746,587759.653161602,Resurfacing,139103.117914912
25,CMR,32,CMR,113733.991995414,165890,121.558333333333,81.8816754644547,100,99.534,0,0,121.558333333333,99.534,22629.845703125,64757.8125,66.09516570227,511963.970690644,Resurfacing,121164.806396785
25,CMR,33,CMR,76739.3701543113,95446,62.95,90.9731532962669,100,57.2676,0,0,62.95,57.2676,50219.390625,2201564,3725.38492907056,792634.335781965,Resurfacing,181179.758531769
26,CMR,34,CMR,34738.0376171733,55980,55.15,60.9029918404352,100,33.588,0,0,55.15,33.588,31001.048828125,6259.7666015625,18.6241835031447,478918.15988724,Mixed Works,257817.609405964
26,CMR,32,CMR,36810.6687554752,46566,32.4833333333333,86.0121087737301,100,27.9396,0,0,32.4833333333333,27.9396,46474.56640625,20150.45703125,71.5707700189777,627208.354819251,Resurfacing,148439.310640556
22,CMR,35,CMR,44010.023061906,59047,42.7583333333333,82.8568310270902,100,35.4282,0,0,42.7583333333333,35.4282,36317.41796875,31528.994140625,87.04482132232,554526.714349537,Resurfacing,131237.989062724
30,CMR,31,CMR,37661.737306879,49445.5,36.1833333333333,81.9916167664671,100,29.6673,0,0,36.1833333333333,29.6673,70623.2734375,9626.8740234375,32.8257098837782,618074.712398343,Resurfacing,146277.681934274
31,CMR,36,CMR,71675.5481759507,95240.5,71.45,79.9780265920224,100,57.1443,0,0,71.45,57.1443,71059.5625,20919.390625,38.0637401451378,560924.399205255,Mixed Works,301964.301572162
23,CMR,37,NGA,91163.3536663715,154393,130.833333333333,70.8044331210191,100,92.6358,1944034.6875,7592.57175,7723.40508333333,7685.20755,133257.21875,68921.71875,90.8203365990975,650461.426514545,Mixed Works,350165.06794033
23,CMR,38,CMR,70773.2942431549,81376,56.8166666666667,85.9353476092696,100,48.8256,0,0,56.8166666666667,48.8256,68987.7265625,71935.7734375,145.684118637921,625466.474571961,Resurfacing,148027.065648697
21,GAB,39,GAB,72916.3114261814,92738.5,58,95.9363793103448,100,55.6431,0,0,58,55.6431,25288.58203125,2311.67138671875,4.48484062984915,419361.668543337,Resurfacing,99248.9282219228
21,GAB,40,GAB,211329.923363358,311406.5,211.9,88.1755073147711,100,186.8439,0,0,211.9,186.8439,19942.361328125,11884.3310546875,6.53663728792033,418737.773968997,Resurfacing,99101.2731726626
12,GNQ,29,GNQ,35481.1222545678,43646,23.9916666666667,109.152900312609,109.152900312609,23.9916666666667,0,0,23.9916666666667,23.9916666666667,8340.4228515625,13225.2578125,48.6744199270764,494191.308159233,Nothing,0
12,GNQ,41,CMR,66411.7656894667,77543.5,42.7166666666667,108.917908700741,108.917908700741,42.7166666666667,1701289.0625,8206.5,8249.21666666667,8249.21666666667,12288.4501953125,33996.44921875,68.4592243076717,477194.633126231,Nothing,0
30,CMR,35,CMR,58480.9562827313,66610,49.7833333333333,80.2798794777369,100,39.966,0,0,49.7833333333333,39.966,52799.08203125,40030.19921875,95.0913367659386,584321.918787725,Resurfacing,138289.520779761
32,CMR,34,CMR,39417.0314707823,46916,32.75,85.9529770992367,100,28.1496,0,0,32.75,28.1496,20575.55859375,20201.201171875,70.957802445373,568375.125332927,Resurfacing,134515.446328793
34,CMR,41,CMR,55508.2224544769,80210.5,55.9916666666667,85.9526119958327,100,48.1263,0,0,55.9916666666667,48.1263,24919.3359375,33267.6328125,70.9328346320562,520993.180499796,Resurfacing,123301.719384951
32,CMR,42,CMR,27987.5445845663,31775,22.6166666666667,84.2962417096537,100,19.065,0,0,22.6166666666667,19.065,23659.591796875,27705.67578125,132.887674934522,609305.455580804,Resurfacing,144202.291154123
37,NGA,43,NGA,136677.963096819,205782,153.391666666667,80.4927690552507,100,123.4692,0,0,153.391666666667,123.4692,114560.71875,135375.34375,117.789923337238,652904.11646959,Resurfacing,154520.640897803
37,NGA,44,CMR,53157.1090627595,72635,61.7166666666667,70.6146367809884,100,43.581,1944034.6875,7592.57175,7654.28841666667,7636.15275,144529.421875,29034.21484375,70.6038725105049,643092.149948853,Mixed Works,346197.940722465
35,CMR,45,CMR,36123.3240820022,42800.5,45.0416666666667,57.0145420906568,100,25.6803,0,0,45.0416666666667,25.6803,27097.732421875,21162.96484375,78.4329520969141,592424.839860968,Upgrade,501586.364415619
35,CMR,36,CMR,76106.257873989,92393,66.25,83.676679245283,100,55.4358,0,0,66.25,55.4358,32394.7734375,59705.13671875,104.256841034887,555337.658592266,Resurfacing,131429.912533503
35,CMR,46,CMR,54395.3557781357,79023,66.3333333333333,71.4780904522613,100,47.4138,0,0,66.3333333333333,47.4138,35972.296875,42951.5078125,95.7936953814528,558369.94569993,Mixed Works,300589.154101795
28,GAB,47,GAB,39277.0650542975,52299,43.5833333333333,71.9986233269599,100,31.3794,0,0,43.5833333333333,31.3794,19154.40625,4128.96923828125,13.4520945793898,440428.296818837,Mixed Works,237097.233120807
28,GAB,48,GAB,61181.5088320344,82854,57.8,86.0076124567474,100,49.7124,0,0,57.8,49.7124,8585.03515625,13733.7705078125,28.5018876458063,425006.07297705,Resurfacing,100584.770604568
14,NGA,43,NGA,122696.37246668,185281,122.991666666667,90.3870993969781,100,111.1686,0,0,122.991666666667,111.1686,53172.5859375,140237.859375,117.20871209333,595205.030572717,Resurfacing,140865.190568876
14,NGA,49,NGA,100595.393108432,106927,67.35,95.2579064587974,100,64.1562,0,0,67.35,64.1562,42613.80078125,255324.78125,360.635662488565,637393.957397981,Resurfacing,150849.903250855
29,GNQ,50,GAB,29402.0837985412,41326,30.3833333333333,81.6092155787164,100,24.7956,1632187.5,5862,5892.38333333333,5886.7956,4199.3818359375,12393.72265625,49.7307908300345,455944.077349951,Resurfacing,107906.764972821
41,CMR,51,CMR,86734.9994220209,141690,147.758333333333,57.5358411821104,100,85.014,0,0,147.758333333333,85.014,19701.423828125,19616.3828125,26.9419612236131,467391.060855612,Upgrade,395724.431524417
27,GAB,52,COG,190307.550117734,216621,147.675,88.012595226003,100,129.9726,2297986.25,7923.99975,8071.67475,8053.97235,21395.58984375,8339.2900390625,5.89036786419005,419081.383957535,Resurfacing,99182.5942032833
27,GAB,40,GAB,231281.587295722,355399.5,247.45,86.1748636088099,100,213.2397,0,0,247.45,213.2397,24316.359375,23005.400390625,11.5414828898182,447792.004770874,Resurfacing,105977.441129107
43,NGA,53,NGA,80780.1890384768,101342,78.9166666666667,77.049883843717,100,60.8052,0,0,78.9166666666667,60.8052,87890.28125,25327.580078125,40.3749058282321,578235.035349082,Mixed Works,311283.194029588
38,CMR,45,CMR,116910.805183332,146799,129.533333333333,67.9974781266084,100,88.0794,0,0,129.533333333333,88.0794,50610.41796875,30240.90625,33.6488347325758,533078.513197384,Mixed Works,286973.932937925
45,CMR,54,CMR,98980.0528436931,131219,109.35,71.999451303155,100,78.7314,0,0,109.35,78.7314,72029.890625,5311.7568359375,6.41619457903936,487838.17072676,Mixed Works,262619.548574572
42,CMR,55,CMR,59734.0730154345,71806,50.1,85.9952095808383,100,43.0836,0,0,50.1,43.0836,42857.859375,30066.38671875,66.8663177588778,553277.646760377,Resurfacing,130942.376399956
42,CMR,56,CMR,65028.0700428735,83054,59.1,84.3187817258883,100,49.8324,0,0,59.1,49.8324,23817.90625,30683.5,63.2160915146191,513200.430098509,Resurfacing,121457.435123314
39,GAB,47,GAB,49381.471522704,56143,39.1916666666667,85.9514352540931,100,33.6858,0,0,39.1916666666667,33.6858,20181.279296875,3314.37377929688,9.2298359167214,430369.546925816,Resurfacing,101854.126105776
39,GAB,57,GAB,160849.57444042,213392,149.008333333333,85.9248587886584,100,128.0352,0,0,149.008333333333,128.0352,29764.099609375,6716.40576171875,5.3220710503976,432837.649141694,Resurfacing,102438.243630201
38,CMR,44,CMR,24875.0556425422,28087,19.65,85.7618320610687,100,16.8522,0,0,19.65,16.8522,82419.265625,16550.98046875,84.8406810322243,681504.319859421,Resurfacing,161289.355700063
55,CMR,58,CMR,25312.0106970765,29336.5,20.4666666666667,86.0027687296417,100,17.6019,0,0,20.4666666666667,17.6019,15650.6513671875,13245.162109375,71.163224908006,550151.106068238,Resurfacing,130202.42843615
33,CMR,55,CMR,44533.3452803918,55561,40.0583333333333,83.2201372997712,100,33.3366,0,0,40.0583333333333,33.3366,40097.125,2282787,6854.61292291347,812543.042043017,Resurfacing,181179.758531769
33,CMR,59,CMR,88802.876890115,108381.5,83.5333333333333,77.8478451715882,100,65.0289,0,0,83.5333333333333,65.0289,48745.65625,1484276.75,2334.77773311787,759063.034533068,Mixed Works,408628.933590301
33,CMR,36,CMR,29127.8855963559,34137.5,29.1833333333333,70.1856082238721,100,20.4825,0,0,29.1833333333333,20.4825,46551.265625,732782.625,3279.99416108886,867348.215091093,Mixed Works,412120.154970152
36,CMR,60,CMR,21203.7491844083,23175.5,16.425,84.6593607305936,100,13.9053,0,0,16.425,13.9053,36075.49609375,16349.1474609375,98.1176765692537,624769.137634996,Resurfacing,147862.029240283
47,GAB,48,GAB,69405.6060460769,87401,61,85.9681967213115,100,52.4406,0,0,61,52.4406,14116.462890625,12688.0537109375,24.2396543650479,445197.840665304,Resurfacing,105363.488957455
44,CMR,61,CMR,118089.994548045,200743.5,138.375,87.0432520325203,100,120.4461,0,0,138.375,120.4461,39300.65234375,84641.796875,74.1159875762766,552298.770684571,Resurfacing,130710.709062015
48,GAB,50,GAB,21553.1590113813,25124,16.775,89.8622950819672,100,15.0744,0,0,16.775,15.0744,4603.11865234375,8614.328125,51.5079015450386,462345.465602588,Resurfacing,109421.760192612
50,GAB,51,CMR,102218.859523099,181241,186.5,58.3080965147453,100,108.7446,2145976.5625,6124.5,6311,6233.2446,19790.015625,25558.123046875,24.7312972685225,464377.995408373,Upgrade,393173.369445756
46,CMR,60,CMR,19122.7128757442,21706.5,14.625,89.0523076923077,100,13.0239,0,0,14.625,13.0239,31134.09765625,9990.0966796875,66.4933431156147,594096.207462726,Resurfacing,140602.769099512
46,CMR,54,CMR,120558.373297501,151549,105.75,85.9852482269504,100,90.9294,0,0,105.75,90.9294,16997.873046875,14101.1591796875,15.0332096475326,438008.907803701,Resurfacing,103662.108180209
60,CMR,62,CMR,201973.52718672,247666,176.441666666667,84.2202427620082,100,148.5996,0,0,176.441666666667,148.5996,27380.638671875,54112.75390625,35.6406385421365,497552.530993681,Resurfacing,117754.099001838
56,CMR,58,CMR,65590.2578718593,85019,60.1666666666667,84.7834903047091,100,51.0114,0,0,60.1666666666667,51.0114,22521.044921875,29135.708984375,57.7185190115629,505900.7932672,Resurfacing,119729.854406571
58,CMR,59,CMR,77530.3822597034,102356,74.875,82.0215025041736,100,61.4136,0,0,74.875,61.4136,23791.294921875,26562.73828125,42.4686626837343,496391.123090446,Resurfacing,117479.232464739
63,COG,64,COG,52147.1575112075,65292.5,51.275,76.4027303754266,100,39.1755,0,0,51.275,39.1755,17094.830078125,145634.953125,380.367355164252,573808.300634764,Mixed Works,308900.135175048
56,CMR,65,CMR,123668.458954057,162407.5,135.133333333333,72.1098914652195,100,97.4445,0,0,135.133333333333,97.4445,16056.337890625,42700.25,43.5821183980023,474531.549984896,Mixed Works,255456.151075202
56,CMR,66,CMR,81481.1532927256,107433,75.5666666666667,85.3018967798853,100,64.4598,0,0,75.5666666666667,64.4598,15159.12890625,27965.591796875,44.6383586048251,472207.427513081,Resurfacing,111755.757844762
49,NGA,67,NGA,27281.8513185129,29381.5,18.3666666666667,95.9831215970962,100,17.6289,0,0,18.3666666666667,17.6289,39298.0546875,92628.21875,443.631388912781,717110.00616147,Resurfacing,169716.034791547
49,NGA,68,NGA,289383.804027999,337024.5,212.55,95.1374735356387,100,202.2147,0,0,212.55,202.2147,30612.66015625,642635.8125,267.344659671815,597249.620953869,Resurfacing,141349.076959082
53,NGA,67,NGA,134211.351680702,153316,115.783333333333,79.4497768821074,100,91.9896,0,0,115.783333333333,91.9896,55943.1484375,230669.25,227.588145379405,633370.813126432,Mixed Works,340964.621066395
51,CMR,66,CMR,72520.3410143645,113944,94.9666666666667,71.9898911898912,100,68.3664,0,0,94.9666666666667,68.3664,14404.2548828125,16371.1279296875,24.3300767387294,446413.019024122,Mixed Works,240319.008574652
52,COG,64,COG,84906.169361234,131678,91.8666666666667,86.0015965166909,100,79.0068,0,0,91.8666666666667,79.0068,52488.1484375,5398.39892578125,8.46333547072883,479490.451858034,Resurfacing,113479.406939735
64,COG,69,COG,63179.3906792136,105786,78.75,80.5988571428572,100,63.4716,0,0,78.75,63.4716,15426.9462890625,5325.875,10.725415539286,421578.398555487,Resurfacing,99773.5543247986
54,CMR,70,CMR,19534.8663207442,24166,16.8833333333333,85.8811451135242,100,14.4996,0,0,16.8833333333333,14.4996,69205.90625,984.409851074219,6.39121055779916,541800.309878183,Resurfacing,128226.073337837
67,NGA,71,NGA,151464.769734084,197165,125.916666666667,93.950231634679,100,118.299,0,0,125.916666666667,118.299,68927.703125,503048.84375,393.336628461424,680244.148998474,Resurfacing,160991.115262972
59,CMR,65,CMR,26230.9828756673,30739,21.45,85.9832167832168,100,18.4434,0,0,21.45,18.4434,38903.1640625,16050.60546875,76.7065210576965,617544.590257045,Resurfacing,146152.219694167
61,CMR,70,CMR,113128.049390231,196014.5,137.15,85.7518775063799,100,117.6087,0,0,137.15,117.6087,30727.703125,22261.90234375,22.0179583108697,484940.150330133,Resurfacing,114769.168911465
62,CMR,70,CMR,158248.000477988,245031,263.316666666667,55.8333818596114,100,147.0186,0,0,263.316666666667,147.0186,20151.888671875,41519.890625,27.7272336363843,469766.147474599,Upgrade,397735.33819516
52,COG,72,COG,31861.3367211204,34013,24.8666666666667,82.0689008042895,100,20.4078,0,0,24.8666666666667,20.4078,15023.2685546875,2488.96337890625,10.6508279025484,468849.335316548,Resurfacing,110961.00935825
52,COG,69,COG,58322.78936566,66302,47.05,84.5509032943677,100,39.7812,0,0,47.05,39.7812,29729.9609375,3625.46411132813,8.53394387445606,448157.164706876,Resurfacing,106063.86231396
72,COG,73,COG,89144.8683574757,101066.5,103.583333333333,58.5421399839099,100,60.6399,0,0,103.583333333333,60.6399,14672.28515625,18309.529296875,28.0428830352311,452633.778577386,Upgrade,383229.932528854
72,COG,74,GAB,225085.303745837,307379.5,225.258333333333,81.8738633420887,100,184.4277,2297986.25,7923.99975,8149.25808333333,8108.42745,15854.1220703125,35890.74609375,20.1364520258932,444686.191935023,Resurfacing,105242.398757955
53,NGA,61,CMR,194198.693448629,292454.5,232.675,75.4153647791985,100,175.4727,1944034.6875,7592.57175,7825.24675,7768.04445,44868.0625,84739.9296875,47.0676319183663,540255.022193441,Mixed Works,290837.286947468
61,CMR,75,CMR,51248.5594040215,69453,48.8666666666667,85.2765347885403,100,41.6718,0,0,48.8666666666667,41.6718,23918.337890625,40957.83203125,95.70262543999,531641.439430044,Resurfacing,125821.807331777
69,COG,73,COG,42514.5420593656,51582.5,38.525,80.3361453601558,100,30.9495,0,0,38.525,30.9495,19972.31640625,6468.421875,20.2302191934599,457352.856795017,Resurfacing,108240.176108154
66,CMR,76,COG,382294.230063092,503119,351.025,85.9971227120576,100,301.8714,2367087.8125,10268.49975,10619.52475,10570.37115,6753.7607421875,29158.412109375,9.06938999900288,376885.650387756,Resurfacing,89297.0856621316
40,GAB,74,GAB,99059.6407829135,126732.5,87.625,86.7783166904422,100,76.0395,0,0,87.625,76.0395,21457.046875,39054.98828125,52.1508143060272,498730.111881001,Resurfacing,118032.79314517
57,GAB,77,GAB,261323.937395799,403483.5,295.466666666667,81.9348262635379,100,242.0901,0,0,295.466666666667,242.0901,22075.828125,38890.12890625,16.0467118436492,454326.789886604,Resurfacing,107524.006939829
57,GAB,78,COG,311927.577611133,466226.5,382.1,73.210128238681,100,279.7359,2297986.25,7923.99975,8306.09975,8203.73565,9960.126953125,26385.103515625,9.01974133730191,394705.739211301,Mixed Works,212483.256275417
73,COG,79,COG,143502.714426053,164462,114.741666666667,85.9994480354419,100,98.6772,0,0,114.741666666667,98.6772,17053.466796875,35191.04296875,33.4415749373266,467604.228566499,Resurfacing,110666.334094071
75,CMR,80,CMR,98843.4359567258,152514,111.25,82.2547415730337,100,91.5084,0,0,111.25,91.5084,45426.5,65634.4765625,75.1185219443658,562616.734524891,Resurfacing,133152.627170891
68,NGA,81,NGA,89667.2484965583,108903.5,96.6833333333333,67.5836235131874,100,65.3421,0,0,96.6833333333333,65.3421,16560.978515625,706890.4375,881.114877810724,613859.257555068,Mixed Works,330460.900317144
71,NGA,82,NGA,43695.0800095747,47130.5,30.3916666666667,93.0462297778996,100,28.2783,0,0,30.3916666666667,28.2783,117842.96875,169469.46875,542.467655507941,832199.502285859,Resurfacing,181179.758531769
71,NGA,83,CMR,115275.454645904,140104,111.025,75.7148390002252,100,84.0624,1944034.6875,7592.57175,7703.59675,7676.63415,146370.078125,420262.53125,460.749568278323,754636.282363634,Mixed Works,406245.865339089
74,GAB,84,GAB,41823.8499592254,56759,39.7833333333333,85.6021784666946,100,34.0554,0,0,39.7833333333333,34.0554,13371.984375,63727.35546875,183.848828698828,523879.948377341,Resurfacing,123984.921115971
82,NGA,86,NGA,100967.085229642,115040,72.0666666666667,95.7779833487512,100,69.024,0,0,72.0666666666667,69.024,114585.9375,414965.125,532.244704832865,741811.170112363,Resurfacing,175561.976926592
82,NGA,87,CMR,100676.839666467,128677,113.1,68.2636604774536,100,77.2062,1944034.6875,7592.57175,7705.67175,7669.77795,154332.46875,432221.1875,527.739491198904,768244.178651577,Mixed Works,412120.154970152
83,CMR,88,CMR,98765.9797824269,124027.5,88.15,84.4203062960862,100,74.4165,0,0,88.15,74.4165,64517.84765625,197636.703125,244.169133053248,648149.260386479,Resurfacing,153395.324958133
83,CMR,89,CMR,80185.0819600295,95521,71.1166666666667,80.5895476915866,100,57.3126,0,0,71.1166666666667,57.3126,88001.9609375,273807.78125,453.220805118024,708950.040933821,Resurfacing,167784.843021004
62,CMR,90,CMR,27725.356406631,29714,20.775,85.816606498195,100,17.8284,0,0,20.775,17.8284,9185.8466796875,27330.095703125,133.882264773737,544254.102460834,Resurfacing,128806.804249064
85,CMR,90,CMR,40608.7263856981,49008,34.2083333333333,85.9580024360536,100,29.4048,0,0,34.2083333333333,29.4048,8329.375,27854.396484375,87.1590570527201,518802.936326045,Resurfacing,122783.361597164
85,CMR,91,CMR,79610.7343716129,97111,80.9333333333333,71.9933278418451,100,58.2666,0,0,80.9333333333333,58.2666,12160.3095703125,13597.1298828125,22.8237005800524,435159.022628046,Mixed Works,234260.607181431
77,GAB,84,GAB,20858.5449823587,28865.5,20.3833333333333,84.9679476696648,100,17.3193,0,0,20.3833333333333,17.3193,22007.02734375,24851.380859375,156.861390366736,612550.73528953,Resurfacing,144970.340685188
80,CMR,88,CMR,128827.464151524,152987,104.6,87.755449330784,100,91.7922,0,0,104.6,91.7922,69620.9765625,96942.9609375,100.907986455558,607065.238334962,Resurfacing,143672.106405941
80,CMR,92,CMR,119869.261065932,159173.5,114.2,83.6288091068301,100,95.5041,0,0,114.2,95.5041,30213.60546875,111270.171875,115.965113793499,555671.277826014,Resurfacing,131508.86908549
80,CMR,93,CMR,200113.709347329,248132.5,167.941666666667,88.6495310871831,100,148.8795,0,0,167.941666666667,148.8795,46334.7109375,136851.15625,84.0722764288758,569311.04908177,Resurfacing,134736.948282685
68,NGA,94,NGA,108700.178403831,133981,107.133333333333,75.0360298693217,100,80.3886,0,0,107.133333333333,80.3886,18374.73046875,179817.0625,198.809511715412,547857.667028604,Mixed Works,294930.044083731
81,NGA,94,NGA,78361.8150655863,83124.5,60.6833333333333,82.1884647074979,100,49.8747,0,0,60.6833333333333,49.8747,18121.048828125,130120.0625,237.416509294285,555219.154393267,Resurfacing,131401.866539739
94,NGA,95,TCD,147770.275734631,225253,216.458333333333,62.4377901828682,100,135.1518,1452589.375,6745.07175,6961.53008333333,6880.22355,19759.66015625,140285.65625,99.0493482852384,521099.434649501,Mixed Works,280525.19565298
90,CMR,96,CMR,114339.713959145,160407,112.483333333333,85.5630760112609,100,96.2442,0,0,112.483333333333,96.2442,9278.234375,50368.9609375,50.864357759272,450058.07583358,Resurfacing,106513.744613947
90,CMR,91,CMR,60808.6465577754,70783.5,49.5083333333333,85.7837401110924,100,42.4701,0,0,49.5083333333333,42.4701,7188.880859375,28376.251953125,65.3843133996331,445742.220426666,Resurfacing,105492.325500977
88,CMR,97,CMR,50376.7679885985,55880,38.9833333333333,86.0059854638735,100,33.528,0,0,38.9833333333333,33.528,40102.08984375,11899.998046875,32.7958794915625,517299.802627335,Resurfacing,122427.619955136
81,NGA,86,NGA,65751.7576303769,78885,78.4333333333333,60.345516362091,100,47.331,0,0,78.4333333333333,47.331,15738.810546875,92389.75,181.073716732912,533539.403445457,Mixed Works,287222.045521471
86,NGA,98,NGA,41919.3942758104,48265,42.1,68.7862232779098,100,28.959,0,0,42.1,28.959,14157.6025390625,60379.46875,194.120881638495,591528.713524413,Mixed Works,318439.624113975
77,GAB,99,COG,230058.921538383,303542,218.575,83.3238934004346,100,182.1252,2297986.25,7923.99975,8142.57475,8106.12495,17788.8671875,15337.68359375,7.63385323311065,417834.257753043,Resurfacing,98887.4410015534
81,NGA,98,NGA,47932.1895214702,50167,41.7333333333333,72.1250798722045,100,30.1002,0,0,41.7333333333333,30.1002,16057.6982421875,61998.93359375,182.567282128253,535196.724414878,Mixed Works,288114.236643342
81,NGA,100,CMR,99592.2804174002,126112,84.1333333333333,89.9372424722662,100,75.6672,1944034.6875,7592.57175,7676.70508333333,7668.23895,26641.5703125,259823.296875,303.237631794215,593675.505333783,Resurfacing,140503.202928995
89,CMR,101,CMR,40222.8354219008,46770,35.1083333333333,79.9297412769998,100,28.062,0,0,35.1083333333333,28.062,57684.5625,53644.5390625,171.6858829493,692907.447824852,Mixed Works,373015.176079045
87,CMR,89,CMR,100431.598917363,114817,84.975,81.0711385701677,100,68.8902,0,0,84.975,68.8902,62343.39453125,252752.953125,338.176900106763,663544.324939533,Resurfacing,157038.823569023
89,CMR,102,TCD,93051.4712708397,109834,80.45,81.9147296457427,100,65.9004,1723632.8125,7621.5,7701.95,7687.4004,14506.03125,111870.0078125,166.680125575359,524657.180805165,Resurfacing,124168.866123889
98,NGA,103,CMR,67238.9932575836,78160,64.65,72.538283062645,100,46.896,1944034.6875,7592.57175,7657.22175,7639.46775,31456.921875,136330.03125,273.104264020479,600285.208557276,Mixed Works,323153.537273333
98,NGA,104,CMR,67198.5955206339,80379,62.3333333333333,77.3701604278075,100,48.2274,1944034.6875,7592.57175,7654.90508333333,7640.79915,10605.7431640625,86177.4609375,168.001035222315,505643.445216262,Mixed Works,272204.721341421
96,CMR,105,CMR,120130.662635028,149886,110.7,81.2390243902439,100,89.9316,0,0,110.7,89.9316,12101.9990234375,21202.927734375,24.0469250246001,436762.991583076,Resurfacing,103367.241341328
96,CMR,106,CMR,62490.1742600943,85171,60.4,84.6069536423841,100,51.1026,0,0,60.4,51.1026,12971.642578125,40305.50390625,78.189466572254,485685.323780403,Resurfacing,114945.526628029
87,CMR,103,CMR,53499.8872916961,57632,42.725,80.9343475716793,100,34.5792,0,0,42.725,34.5792,203623.375,189750.4375,496.456014367746,790118.657452719,Resurfacing,181179.758531769
103,CMR,104,CMR,111345.395118572,131434,91.7333333333333,85.9670058139535,100,78.8604,0,0,91.7333333333333,78.8604,25462.17578125,117991.4609375,134.137086876781,551102.208536166,Resurfacing,130427.522686892
87,CMR,101,CMR,61251.1042869415,68900.5,50.7416666666667,81.4720972245032,100,41.3403,0,0,50.7416666666667,41.3403,66591.2421875,198003.734375,448.233250559622,684981.77717415,Resurfacing,162112.353931215
101,CMR,107,CMR,40345.9032720159,49477.5,31.9,93.0611285266458,100,29.6865,0,0,31.9,29.6865,59867.35546875,94039.6640625,296.568775835393,728952.08154077,Resurfacing,172518.659297982
97,CMR,102,TCD,108469.43915356,132837,131.8,60.4720789074355,100,79.7022,1723632.8125,7621.5,7753.3,7701.2022,15617.85546875,72821.7421875,88.338737777878,501743.557796853,Mixed Works,270105.281947305
97,CMR,108,CMR,88883.3764659559,113104,78.9166666666667,85.9924815205913,100,67.8624,0,0,78.9166666666667,67.8624,54593.16796875,30219.46484375,42.3216478575197,548258.496652324,Resurfacing,129754.510874383
91,CMR,105,CMR,19300.6751068802,22529,16.0333333333333,84.3081081081081,100,13.5174,0,0,16.0333333333333,13.5174,7671.986328125,10602.8115234375,69.4704639715782,504023.505551124,Resurfacing,119285.562980433
92,CMR,106,CMR,76312.8015144831,96355.5,67.8583333333333,85.1970526832863,100,57.8133,0,0,67.8583333333333,57.8133,20714.283203125,63024.62890625,108.851377958849,528238.085748481,Resurfacing,125016.346960474
92,CMR,109,CAF,161597.074264732,219746.5,183.1,72.0086837793555,100,131.8479,1591690.84375,6711.85725,6894.95725,6843.70515,73997.3125,35651.99609375,28.3703620457484,550157.524495785,Mixed Works,296168.134020231
87,CMR,107,CMR,51566.5593354896,55869,45.05,74.4093229744728,100,33.5214,0,0,45.05,33.5214,60193.51171875,162196.203125,433.543802641098,674819.567845349,Mixed Works,363277.867356746
87,CMR,110,TCD,120780.423137883,134150,117.016666666667,68.7850733513745,100,80.49,1723632.8125,7621.5,7738.51666666667,7701.99,22898.21875,321641.40625,364.959944374306,592211.598782581,Mixed Works,318807.244011289
79,COG,111,COG,104922.108937327,136400.5,103.575,79.0154960173787,100,81.8403,0,0,103.575,81.8403,47383.73046875,441434.34375,547.641877222567,668842.596260038,Mixed Works,360060.264319986
79,COG,112,COG,124688.11114546,149785,104.508333333333,85.9940993541185,100,89.871,0,0,104.508333333333,89.871,34634.16796875,422.950592041016,0.440997449088183,388719.025339975,Resurfacing,91996.8359971275
105,CMR,113,CMR,22038.2434114668,25183,17.6666666666667,85.5271698113208,100,15.1098,0,0,17.6666666666667,15.1098,7961.67919921875,7064.2568359375,40.8385177764815,484323.778329326,Resurfacing,114623.294204607
105,CMR,114,CMR,36447.5854577763,43808,35.4166666666667,74.2159058823529,100,26.2848,0,0,35.4166666666667,26.2848,8495.642578125,9689.4111328125,35.2194495384473,482164.077176504,Mixed Works,259564.994880017
107,CMR,115,CMR,33636.1472139827,34821,23.3833333333333,89.3482537419815,100,20.8926,0,0,23.3833333333333,20.8926,39441.93359375,40907.34375,169.971096401887,661446.402861769,Resurfacing,156542.315343952
106,CMR,116,CAF,31669.1047071088,52969.5,52.7083333333333,60.2972964426878,100,31.7817,1591690.84375,6711.85725,6764.56558333333,6743.63895,16545.984375,25416.041015625,78.045643480824,500001.82678423,Mixed Works,269167.65008551
113,CMR,117,CMR,79771.0637004503,93720,65.3833333333333,86.0035686974254,100,56.232,0,0,65.3833333333333,56.232,25705.435546875,25416.033203125,43.3904221562581,501916.459021942,Resurfacing,118786.89530186
113,CMR,118,CAF,137037.469183249,178775.5,130.725,82.0541594951233,100,107.2653,1591690.84375,6711.85725,6842.58225,6819.12255,15293.703125,91325.9140625,85.0245721810959,498876.775024787,Resurfacing,118067.503422533
114,CMR,116,CAF,125090.196027168,190886,156.75,73.0664114832536,100,114.5316,1591690.84375,6711.85725,6868.60725,6826.38885,9858.33984375,22403.119140625,20.4106308717564,420502.722305204,Mixed Works,226370.632174301
114,CMR,119,CAF,141165.657508453,167175,139.266666666667,72.0236955481092,100,100.305,1591690.84375,6711.85725,6851.12391666667,6812.16225,24397.353515625,46586.0859375,43.7322089497631,499105.905627263,Mixed Works,268685.345862676
100,CMR,104,CMR,33841.2416570519,42219,29.4833333333333,85.9176936122103,100,25.3314,0,0,29.4833333333333,25.3314,20051.845703125,47143.3671875,167.537147784666,609128.469309303,Resurfacing,144160.404403202
102,TCD,120,TCD,22530.883204429,23319,17.35,80.6420749279539,100,13.9914,0,0,17.35,13.9914,10294.5341796875,22325.962890625,130.321083878593,550493.859537357,Resurfacing,130283.546757174
95,TCD,121,TCD,121958.406959125,183336,136.583333333333,80.5380841976815,100,110.0016,0,0,136.583333333333,110.0016,11883.3037109375,109406.0859375,91.6956107212547,487081.17622932,Resurfacing,115275.878374272
100,CMR,122,TCD,34297.1234893786,45627,56.6666666666667,48.3109411764706,100,27.3762,1723632.8125,7621.5,7678.16666666667,7648.8762,28465.498046875,41811.0546875,144.507224598301,627400.250586236,Upgrade,531198.87882968
100,CMR,123,TCD,27854.2836624322,47988,40.0083333333333,71.967006873568,100,28.7928,1723632.8125,7621.5,7661.50833333333,7650.2928,21609.412109375,677261.5,2275.60006639294,766845.323677007,Mixed Works,412120.154970152
115,CMR,124,CMR,36798.3411747474,39583,29.05,81.7549053356282,100,23.7498,0,0,29.05,23.7498,12725.3173828125,51476.953125,194.005263961934,583976.565065409,Resurfacing,138207.78706548
110,TCD,115,CMR,62110.4438446872,74768,64.05,70.040281030445,100,44.8608,1723632.8125,7621.5,7685.55,7666.3608,14368.8505859375,85953.7734375,176.83314231532,526684.546914297,Mixed Works,283531.847755529
116,CAF,125,CAF,38157.2848529693,44520,31.1333333333333,85.7987152034261,100,26.712,0,0,31.1333333333333,26.712,35292.9296875,11513.056640625,41.8625250681467,580270.350326885,Resurfacing,137330.649577363
108,CMR,120,TCD,126980.010522013,153340,166.2,55.3574007220217,100,92.004,1723632.8125,7621.5,7787.7,7713.504,23966.435546875,52051.59765625,51.6233548795043,504965.191285476,Upgrade,427537.195288369
120,TCD,126,TCD,20738.6617891551,21382,15.8333333333333,81.0265263157895,100,12.8292,0,0,15.8333333333333,12.8292,9577.171875,16508.494140625,103.033600250496,535043.975351909,Resurfacing,126627.074166618
120,TCD,127,TCD,66057.3786926484,73198,61.15,71.8214227309894,100,43.9188,0,0,61.15,43.9188,32253.630859375,60899.75,128.713683823214,564991.714231755,Mixed Works,304153.872828094
93,CMR,108,CMR,67176.3483375047,73996,51.625,86.0001937046005,100,44.3976,0,0,51.625,44.3976,51811.31640625,28621.5859375,59.397534441657,560436.537346137,Resurfacing,132636.647171919
122,TCD,123,TCD,29107.9359302407,33308.5,26.5,75.4154716981132,100,19.9851,0,0,26.5,19.9851,5187.4716796875,435704.25,1956.70346778142,637932.0503001,Mixed Works,343420.08707822
122,TCD,128,TCD,44447.2403780036,48235,32.2666666666667,89.6931818181818,100,28.941,0,0,32.2666666666667,28.941,1378.98266601563,17806.470703125,55.6555371119567,402674.291846614,Resurfacing,95299.5824036985
123,TCD,129,TCD,144310.986500898,155433.5,114.133333333333,81.7115362149533,100,93.2601,0,0,114.133333333333,93.2601,8337.603515625,648998.875,637.110502547551,549983.869940456,Resurfacing,130162.849219241
126,TCD,130,TCD,53695.3611461039,59067,49.1916666666667,72.0451295951211,100,35.4402,0,0,49.1916666666667,35.4402,24211.826171875,38041.8671875,96.2396642553529,532670.753115255,Mixed Works,286754.422093712
126,TCD,131,TCD,78364.1282628096,85581.5,63.1,81.3770206022187,100,51.3489,0,0,63.1,51.3489,28549.58203125,66683.09375,118.591628805161,552949.398481683,Resurfacing,130864.690973998
117,CMR,132,CMR,108648.685648508,152000,106.283333333333,85.8083738435001,100,91.2,0,0,106.283333333333,91.2,15747.1396484375,27433.7265625,30.2390435541407,459327.409014376,Resurfacing,108707.486800069
117,CMR,118,CAF,83969.5859277854,111099.5,100.516666666667,66.3170618471232,100,66.6597,1591690.84375,6711.85725,6812.37391666667,6778.51695,22784.619140625,38924.0546875,59.6308361639195,507989.596644367,Mixed Works,273467.732860217
124,CMR,127,TCD,11105.3390724951,11643,11.8833333333333,58.7865357643759,100,6.9858,1723632.8125,7621.5,7633.38333333333,7628.4858,41155.5859375,25211.578125,260.464984827233,689275.514939798,Upgrade,583586.602649029
110,TCD,124,CMR,40624.8335131052,52810,58.6833333333333,53.9948878159614,100,31.686,1723632.8125,7621.5,7680.18333333333,7653.186,10559.734375,97096.5546875,280.068229777146,527711.078664047,Upgrade,446795.379935559
127,TCD,130,TCD,51327.5213884292,56482,52.3333333333333,64.7564331210191,100,33.8892,0,0,52.3333333333333,33.8892,53147.8203125,56893.37890625,150.011791822119,607691.317262331,Mixed Works,327140.492459555
127,TCD,133,TCD,64137.851971989,68290,56.9166666666667,71.989458272328,100,40.974,0,0,56.9166666666667,40.974,28940.65234375,68544.15625,151.112593497204,565293.368207679,Mixed Works,304316.263218466
125,CAF,134,CAF,49371.9931105215,57230.5,40.5666666666667,84.6465899753492,100,34.3383,0,0,40.5666666666667,34.3383,38969.796875,45751.8515625,125.855433437182,576869.398530929,Resurfacing,136525.75765232
125,CAF,135,CAF,93792.703555979,110805,102.5,64.8614634146342,100,66.483,0,0,102.5,66.483,41486.5078125,27831.119140625,39.9571181896526,527965.660924378,Mixed Works,284221.514130956
132,CMR,136,COG,176224.865800492,228896,191.425,71.7448609115842,100,137.3376,2367087.8125,10268.49975,10459.92475,10405.83735,21217.259765625,13674.7412109375,9.62505970328049,434359.911014872,Mixed Works,233830.418763006
132,CMR,137,CAF,155344.210182955,217794.5,216.675,60.3100034614053,100,130.6767,1591690.84375,6711.85725,6928.53225,6842.53395,31399.263671875,60465.33203125,44.9740782815373,515647.35729781,Mixed Works,277590.160678653
111,COG,112,COG,43539.041682727,50039.5,39.2666666666667,76.4610356536503,100,30.0237,0,0,39.2666666666667,30.0237,97603.03125,596879.1875,1855.55191844034,809067.121966644,Mixed Works,412120.154970152
93,CMR,138,CAF,38731.3970261729,48163,40.95,70.5684981684982,100,28.8978,1591690.84375,6711.85725,6752.80725,6740.75505,29867.876953125,38309.0234375,127.945679296826,624583.268407617,Mixed Works,336233.9928261
93,CMR,139,TCD,29413.9546046282,32981,23.0083333333333,86.0062296269468,100,19.7886,1723632.8125,7621.5,7644.50833333333,7641.2886,19873.21875,27842.853515625,125.041192757302,593631.577265373,Resurfacing,140492.806619471
110,TCD,140,TCD,40622.081341751,44532.5,31.3,85.3658146964856,100,26.7195,0,0,31.3,26.7195,8570.46484375,35120.0625,118.607353787846,534258.193543656,Resurfacing,126441.105805332
110,TCD,133,TCD,51595.3689217521,53445,39.4666666666667,81.2508445945946,100,32.067,0,0,39.4666666666667,32.067,12002.7880859375,67636.96875,188.063432173846,518124.764334522,Resurfacing,122622.860892503
99,COG,112,COG,331796.371372298,393621,270.925,87.1726861677586,100,236.1726,0,0,270.925,236.1726,12197.6064453125,10280.119140625,3.73254456247207,379441.525411041,Resurfacing,89801.1610139461
121,TCD,128,TCD,65174.8010338968,66080.5,45.8333333333333,86.5053818181818,100,39.6483,0,0,45.8333333333333,39.6483,2160.65771484375,18128.19140625,40.7222304666251,370928.675496631,Resurfacing,89297.0856621316
128,TCD,141,TCD,117562.627626654,124241.5,77.7666666666667,95.8571367338191,100,74.5449,0,0,77.7666666666667,74.5449,1273.5126953125,23347.50390625,27.8327062103663,337364.5971727,Resurfacing,89297.0856621316
109,CAF,138,CAF,13393.6134594418,14538,12.1166666666667,71.9900962861073,100,8.7228,0,0,12.1166666666667,8.7228,34755.94921875,9294.43359375,82.7120184818248,613114.671535103,Mixed Works,330060.064843063
109,CAF,142,CAF,50867.832498779,61274,50.3,73.0902584493042,100,36.7644,0,0,50.3,36.7644,49769.296875,39348.453125,100.769226229983,583030.98232808,Mixed Works,313865.012153283
130,TCD,143,TCD,31040.0986973458,33094,33.4416666666667,59.3762272614005,100,19.8564,0,0,33.4416666666667,19.8564,25896.12890625,31459.857421875,136.802328666802,617456.312781409,Upgrade,522779.678154926
130,TCD,131,TCD,48414.4727122513,52904.5,44.5166666666667,71.3052040434294,100,31.7427,0,0,44.5166666666667,31.7427,27589.1015625,57013.22265625,159.49267162226,564626.233763841,Mixed Works,303957.122509534
138,CAF,144,TCD,31803.0432629713,34638,29,71.6648275862069,100,20.7828,1100245.53125,5864.35725,5893.35725,5885.14005,67369.0703125,19771.51171875,83.3742784691474,664238.9962857,Mixed Works,357581.993000468
138,CAF,145,CAF,102834.808649512,128906,99.5083333333334,77.7257516120928,100,77.3436,0,0,99.5083333333334,77.3436,27445.8515625,70688.4375,92.5423887925099,538966.506237339,Mixed Works,290143.635857767
129,TCD,146,TCD,27736.7906452277,30251.5,22.85,79.435010940919,100,18.1509,0,0,22.85,18.1509,18596.2734375,13634.431640625,64.9884880614815,557400.240768156,Mixed Works,300067.129613524
129,TCD,140,TCD,36769.7506196736,37741,25.5333333333333,88.6864229765013,100,22.6446,0,0,25.5333333333333,22.6446,9684.279296875,15270.421875,58.3610449986722,510807.133338358,Resurfacing,120891.021556745
140,TCD,146,TCD,29391.1858785538,31166,40.65,46.0014760147602,100,18.6996,0,0,40.65,18.6996,9935.880859375,7414.40380859375,34.9137084143937,490956.63372819,Upgrade,415676.616556533
134,CAF,142,CAF,112600.5861555,140822,120.833333333333,69.9254068965517,100,84.4932,0,0,120.833333333333,84.4932,51494.01953125,77556.6953125,86.3305044118655,577854.867121343,Mixed Works,311078.536800323
134,CAF,147,CAF,47692.3640589704,58452,43.4916666666667,80.6388963402951,100,35.0712,0,0,43.4916666666667,35.0712,42972.703125,61013.00390625,165.531901789853,597336.779778108,Resurfacing,141369.704547485
134,CAF,148,CAF,77201.7750973889,92278,79.4,69.7314861460957,100,55.3668,0,0,79.4,55.3668,44190.546875,45108.109375,77.8794297151138,562458.258635001,Mixed Works,302790.029231842
139,TCD,144,TCD,10361.6151273339,13417,20.55,39.1737226277372,100,8.0502,0,0,20.55,8.0502,34890.984375,7919.79248046875,73.6189385998597,607433.869005024,Upgrade,514294.00909092
139,TCD,149,TCD,101546.569762633,117771.5,85.7083333333333,82.4457754010695,100,70.6629,0,0,85.7083333333333,70.6629,11252.6904296875,87610.90625,110.483576801164,491555.481672148,Resurfacing,116334.797329075
78,COG,99,COG,103210.134193736,136409,95.1666666666667,86.0021716287215,100,81.8454,0,0,95.1666666666667,81.8454,6651.69873046875,5577.92626953125,6.33097656607904,366184.128862835,Resurfacing,89297.0856621316
76,COG,78,COG,168698.805461203,228341,159.3,86.004143126177,100,137.0046,0,0,159.3,137.0046,8595.474609375,5790.783203125,3.87337982200331,364742.867955669,Resurfacing,89297.0856621316
142,CAF,150,CAF,104553.287473514,117638,86.0833333333333,81.9935721200387,100,70.5828,0,0,86.0833333333333,70.5828,23574.994140625,43760.0859375,57.5339894134747,508548.918255056,Resurfacing,120356.577320363
144,TCD,151,TCD,54015.2362294199,58422,49.5,70.8145454545455,100,35.0532,0,0,49.5,35.0532,24837.88671875,24018.458984375,61.9855221993824,514941.71193173,Mixed Works,277210.288256581
133,TCD,152,TCD,13821.9478023428,14180,9.58333333333333,88.7791304347826,100,8.508,0,0,9.58333333333333,8.508,4210.6298828125,15319.6435546875,134.403464457903,495782.765021148,Resurfacing,117335.254388338
121,TCD,141,TCD,78694.5254782243,88743,66.0333333333333,80.6347299343766,100,53.2458,0,0,66.0333333333333,53.2458,12746.2158203125,19456.416015625,33.9754469461969,452141.617229049,Resurfacing,107006.849410875
146,TCD,153,TCD,81009.3567690658,86499,63.8666666666667,81.2621085594989,100,51.8994,0,0,63.8666666666667,51.8994,13489.1787109375,32838.42578125,57.286397602581,475423.152273457,Resurfacing,112516.812704718
118,CAF,119,CAF,73195.7730676924,88364,68.8333333333333,77.0243099273608,100,53.0184,0,0,68.8333333333333,53.0184,24794.33984375,49276.18359375,90.8887823031803,531628.764713802,Mixed Works,286193.485004263
118,CAF,137,CAF,72973.5514727833,83396,71.5166666666667,69.9663481705896,100,50.0376,0,0,71.5166666666667,50.0376,19866.798828125,35409.7578125,67.3677110312122,504831.608036208,Mixed Works,271767.682326158
131,TCD,143,TCD,35187.348637177,36713.5,26.075,84.479769894535,100,22.0281,0,0,26.075,22.0281,9210.939453125,36677.6953125,144.746575341109,548029.04698606,Resurfacing,129700.207786701
143,TCD,152,TCD,28812.1598054146,30017,20.8666666666667,86.3108626198083,100,18.0102,0,0,20.8666666666667,18.0102,3648.53173828125,29299.09765625,138.923437754748,488692.991970928,Resurfacing,115657.34143312
131,TCD,154,TCD,55612.7224544638,58779,48.9833333333333,71.9987750935692,100,35.2674,0,0,48.9833333333333,35.2674,4159.66162109375,64476.796875,164.11424299011,451032.149196675,Mixed Works,242805.640317543
152,TCD,154,TCD,76740.2570409729,81575,68.1166666666667,71.8546611206264,100,48.945,0,0,68.1166666666667,48.945,1801.24401855469,68802.984375,129.224052988057,399784.831189139,Mixed Works,215217.500790153
152,TCD,153,TCD,98650.3783159428,105000,87.5333333333333,71.972581873572,100,63,0,0,87.5333333333333,63,3263.6884765625,29679.177734375,42.6714302174362,391264.708629217,Mixed Works,210630.834812062
119,CAF,135,CAF,37979.9190611984,43942,44.3333333333333,59.4703759398496,100,26.3652,0,0,44.3333333333333,26.3652,48597.98828125,38130.046875,137.299636099552,666108.889078077,Upgrade,563972.192752772
135,CAF,155,CAF,13891.5381873812,15888,13.2333333333333,72.0362720403023,100,9.5328,0,0,13.2333333333333,9.5328,38256.87890625,3294.62744140625,26.7756781968944,564700.129734325,Mixed Works,303996.903173644
119,CAF,155,CAF,40193.7728994666,46973.5,34.4166666666667,81.8908474576271,100,28.1841,0,0,34.4166666666667,28.1841,42521.68359375,39486.59765625,128.993132718141,652075.277824113,Resurfacing,154324.482418373
119,CAF,156,CAF,43589.8804296168,49512.5,36.2333333333333,81.9894204231831,100,29.7075,0,0,36.2333333333333,29.7075,40305.3515625,41815.65234375,131.330833833745,648882.349418548,Resurfacing,153568.822695723
76,COG,136,COG,21885.2837580045,24790,17.4916666666667,85.0347784659362,100,14.874,0,0,17.4916666666667,14.874,1379.1240234375,1127.72216796875,6.45096997355249,338900.128894389,Resurfacing,89297.0856621316
147,CAF,155,CAF,47306.6410642154,58493,42.85,81.9038506417736,100,35.0958,0,0,42.85,35.0958,18869.595703125,17336.931640625,46.1634811051521,486134.96872421,Resurfacing,115051.942598063
147,CAF,148,CAF,63239.3115057979,67889,56.5166666666667,72.0732527278089,100,40.7334,0,0,56.5166666666667,40.7334,28084.912109375,22094.890625,49.371544749135,512756.729997447,Mixed Works,276034.039648625
147,CAF,157,CAF,75759.4500404228,89122,62.4166666666667,85.6713484646195,100,53.4732,0,0,62.4166666666667,53.4732,31806.46875,30395.140625,52.9748486237646,523536.51708662,Resurfacing,123903.642377167
136,COG,158,COG,37650.7042354557,44932,53.3166666666667,50.5643013441701,100,26.9592,0,0,53.3166666666667,26.9592,300.453460693359,2216.64233398438,7.46655769208903,285344.558798658,Upgrade,319457.179692697
149,TCD,151,TCD,60044.066581938,70390,82.2833333333333,51.3275268381608,100,42.234,0,0,82.2833333333333,42.234,18302.259765625,44830.30078125,98.6713426079666,516164.218425656,Upgrade,437019.038267056
151,TCD,159,TCD,49911.5532782422,54218,45.1833333333333,71.9973441534489,100,32.5308,0,0,45.1833333333333,32.5308,13995.9892578125,12233.3564453125,34.2294925050864,457526.578448805,Mixed Works,246301.808064939
149,TCD,159,TCD,51478.2820300388,67431,56.15,72.0544968833482,100,40.4586,0,0,56.15,40.4586,6537.3603515625,58168.58984375,134.774478536213,468324.293042169,Mixed Works,252114.577754367
156,CAF,160,CAF,86840.4430274617,100576,107.916666666667,55.9187027027027,100,60.3456,0,0,107.916666666667,60.3456,18036.17578125,11419.1357421875,17.8873683113494,447322.518462768,Upgrade,378733.06563181
156,CAF,161,CAF,159465.263291834,187436,140.466666666667,80.0628381585192,100,112.4616,0,0,140.466666666667,112.4616,27454.953125,58444.16015625,48.09856862194,510251.380612314,Resurfacing,120759.493411581
148,CAF,150,CAF,20652.5321342826,22013,18.3333333333333,72.0425454545455,100,13.2078,0,0,18.3333333333333,13.2078,29451.318359375,26591.5546875,163.884707612442,636698.969644944,Mixed Works,342756.278658861
137,CAF,161,CAF,139595.005103993,169745,140.283333333333,72.6009266959724,100,101.847,0,0,140.283333333333,101.847,26222.607421875,44434.39453125,40.3245252208888,500066.344940212,Mixed Works,269202.38235948
154,TCD,162,TCD,143116.144817322,154664.5,128.983333333333,71.946272128182,100,92.7987,0,0,128.983333333333,92.7987,7687.9404296875,71751.1484375,69.0495538260475,451404.112021904,Mixed Works,243005.880305125
145,CAF,150,CAF,102777.195661381,120478,88.6583333333333,81.5341291474763,100,72.2868,0,0,88.6583333333333,72.2868,21456.0625,71304.21875,90.2626474262011,522179.437964544,Resurfacing,123582.466984942
150,CAF,157,CAF,77309.4167449654,87088,66.05,79.1109765329296,100,52.2528,0,0,66.05,52.2528,15307.0634765625,43184.96484375,76.2964983530295,494412.524418979,Mixed Works,266158.742312217
150,CAF,163,CAF,121765.253169292,135143.5,101.375,79.9862885326757,100,81.0861,0,0,101.375,81.0861,16912.61328125,97518.6015625,108.752650910913,515500.885773029,Mixed Works,277511.31017448
159,TCD,164,TCD,44568.0629233838,46173,38.4833333333333,71.9890861844955,100,27.7038,0,0,38.4833333333333,27.7038,11709.4638671875,21572.89453125,69.511338510906,530282.993012058,Mixed Works,285469.011238157
145,CAF,165,CAF,23303.7726494552,27513,20.6166666666667,80.0701697655619,100,16.5078,0,0,20.6166666666667,16.5078,14842.31640625,27174.599609375,139.986384798338,578684.044497477,Resurfacing,136955.223864403
141,TCD,166,TCD,127870.888650782,148169,103.433333333333,85.9504350628424,100,88.9014,0,0,103.433333333333,88.9014,17129.578125,32255.037109375,32.9292191872996,467258.522784493,Resurfacing,110584.517058997
141,TCD,167,TCD,354579.452333009,398160,291.3,82.0102986611741,100,238.896,0,0,291.3,238.896,19066.294921875,78245.2109375,27.8140627358153,466774.574898278,Resurfacing,110469.982725925
153,TCD,168,TCD,31288.5406889512,33913,24.8166666666667,81.9924781732706,100,20.3478,0,0,24.8166666666667,20.3478,10403.6357421875,16555.265625,72.9037927629652,524904.304717843,Resurfacing,124227.352116556
164,TCD,165,CAF,65274.7865586858,71800,52.55,81.9790675547098,100,43.08,1100245.53125,5864.35725,5916.90725,5907.43725,11821.564453125,26155.189453125,55.0679240372456,466412.926270911,Resurfacing,110384.392550782
165,CAF,169,CAF,81749.4406250854,91823,67.1833333333333,82.0051600099231,100,55.0938,0,0,67.1833333333333,55.0938,12506.67578125,26444.35546875,45.7294738793878,462360.905702344,Resurfacing,109425.414349555
164,TCD,170,CAF,113584.161203527,125875,106,71.25,100,75.525,1100245.53125,5864.35725,5970.35725,5939.88225,6674.42041015625,23835.240234375,28.597751818521,412472.948929022,Mixed Works,222047.93750679
157,CAF,160,CAF,45727.8325980295,49953,35.0583333333333,85.4912289042073,100,29.9718,0,0,35.0583333333333,29.9718,17583.26953125,14867.759765625,44.6983064838813,536642.06372692,Resurfacing,127005.288415371
166,TCD,168,TCD,200411.609102751,237503,212.816666666667,66.9598872268776,100,142.5018,0,0,212.816666666667,142.5018,7028.52783203125,46959.0234375,30.4546714637363,417191.849635584,Mixed Works,224588.279053823
168,TCD,171,TCD,147546.525608759,172246,202.85,50.9477939364062,100,103.3476,0,0,202.85,103.3476,32030.701171875,16476.88671875,14.9085630331859,472297.294238214,Upgrade,399878.375788354
168,TCD,172,TCD,210181.1234632,228493,167.191666666667,81.9991825748891,100,137.0958,0,0,167.191666666667,137.0958,14845.0244140625,44635.94140625,28.5575934450294,453947.296553325,Resurfacing,107434.19351762
160,CAF,173,CAF,20861.6373825783,22565,16.4166666666667,82.4710659898477,100,13.539,0,0,16.4166666666667,13.539,8838.2626953125,13240.7333984375,81.8048955021409,519732.692470788,Resurfacing,123003.403884753
173,CAF,174,CAF,65299.2243147911,75764,63.4666666666667,71.6256302521009,100,45.4584,0,0,63.4666666666667,45.4584,10949.8330078125,24810.48046875,52.1803964127824,460072.882588454,Mixed Works,247672.568460118
173,CAF,175,CAF,61035.9088306722,67468,47.5166666666667,85.1928446159243,100,40.4808,0,0,47.5166666666667,40.4808,5194.47119140625,20676.046875,47.0512458122881,417079.370607799,Resurfacing,98708.7843771791
161,CAF,174,CAF,55347.4584051033,67560,55.7416666666667,72.7211840334878,100,40.536,0,0,55.7416666666667,40.536,13088.908203125,26371.306640625,59.2242557259712,475026.49801198,Mixed Works,255722.598096449
174,CAF,176,CAF,76601.2262493469,92889,101.633333333333,54.8377172843555,100,55.7334,0,0,101.633333333333,55.7334,16601.568359375,7703.0166015625,13.5257115725891,433120.188657732,Upgrade,366708.42639688
169,CAF,170,CAF,18627.718563942,19487,16.6,70.4349397590362,100,11.6922,0,0,16.6,11.6922,3551.87182617188,12565.9833984375,86.3543208426017,467999.397069426,Mixed Works,251939.675422374
163,CAF,169,CAF,58627.39042552,61032,45.1666666666667,81.0757195571956,100,36.6192,0,0,45.1666666666667,36.6192,9550.8134765625,78423.1953125,192.587270220564,505124.256625027,Resurfacing,119546.074067923
170,CAF,177,CAF,110244.369445145,119322,105.45,67.8930298719772,100,71.5932,0,0,105.45,71.5932,22286.5546875,39755.44140625,49.9666061691358,499221.511745535,Mixed Works,268747.580489679
166,TCD,178,TCD,94812.0425218906,99720,69.65,85.9038047379756,100,59.832,0,0,69.65,59.832,41262.75,26478.63671875,40.6856448848958,528414.453104473,Resurfacing,125058.087234725
163,CAF,175,CAF,138016.253455021,148475.5,109.241666666667,81.5488290487452,100,89.0853,0,0,109.241666666667,89.0853,14710.18359375,57103.14453125,57.688702037815,480673.474987213,Resurfacing,113759.389080307
163,CAF,179,CAF,90554.3215294872,99832,73.65,81.3295315682281,100,59.8992,0,0,73.65,59.8992,33862.16796875,57902.68359375,91.6067541497711,552254.483646295,Resurfacing,130700.22779629
161,CAF,180,CAF,76129.3308094069,84720,62.9833333333333,80.7070653612067,100,50.832,0,0,62.9833333333333,50.832,40800.171875,53371.4140625,100.111937694459,568979.34235969,Resurfacing,134658.44435846
162,TCD,172,TCD,78547.8402205649,87333,60.9333333333333,85.995295404814,100,52.3998,0,0,60.9333333333333,52.3998,37381.03125,53694.5390625,93.1080254593788,559609.750143195,Resurfacing,132440.974200556
175,CAF,176,CAF,20009.5634264212,21209,14.8166666666667,85.8857142857143,100,12.7254,0,0,14.8166666666667,12.7254,6771.18017578125,6040.44091796875,38.6616762384684,472849.039291386,Resurfacing,111907.605965628
171,TCD,178,TCD,106664.892565993,123290.5,90.2166666666667,81.9962682431184,100,73.9743,0,0,90.2166666666667,73.9743,66160.6171875,18286.296875,22.6913797963621,532992.354034443,Resurfacing,126141.523788151
171,TCD,181,TCD,218675.920728733,285394.5,211,81.1548341232228,100,171.2367,0,0,211,171.2367,46815.72265625,48779.4453125,24.5301309308078,514582.922806099,Resurfacing,121784.62506411
180,CAF,182,CAF,83332.588925533,103683,78.9333333333333,78.8130912162162,100,62.2098,0,0,78.9333333333333,62.2098,15269.1328125,620528.4375,944.301191749063,611490.965922129,Mixed Works,329185.969988079
172,TCD,181,TCD,24579.6811321851,26799.5,21.5916666666667,74.4717869548437,100,16.0797,0,0,21.5916666666667,16.0797,37640.8515625,23707.55859375,127.606622566358,642018.824576174,Mixed Works,345620.13389684
178,TCD,183,TCD,55974.5149467475,58944.5,41.5833333333333,85.0501803607214,100,35.3667,0,0,41.5833333333333,35.3667,81681.0703125,21691.658203125,55.1121662679732,588211.175462407,Resurfacing,139209.978192769
177,CAF,179,CAF,88766.652710174,95475,69.8666666666667,81.9918893129771,100,57.285,0,0,69.8666666666667,57.285,64596.3671875,44023.03515625,71.063799334977,584170.71629405,Resurfacing,138253.736189592
179,CAF,184,CAF,91086.6633410021,101840,74.6666666666667,81.8357142857143,100,61.104,0,0,74.6666666666667,61.104,73644.8671875,25031.35546875,38.5764389852182,563959.7012151,Resurfacing,133470.462620907
177,CAF,185,CAF,55709.4309164886,57271,41.9,82.0109785202864,100,34.3626,0,0,41.9,34.3626,38068.546875,38530.9453125,98.9209780232634,563699.469969936,Resurfacing,133408.874559551
177,CAF,186,CAF,61008.1686890916,62870,51.9333333333333,72.6354300385109,100,37.722,0,0,51.9333333333333,37.722,54081.4921875,29451.580078125,69.6756103316752,570903.369438346,Mixed Works,307336.313880976
181,TCD,187,TCD,296300.779654504,363996,266.633333333333,81.9093386673334,100,218.3976,0,0,266.633333333333,218.3976,16069.4677734375,87850.828125,34.4615850550511,465434.395511925,Resurfacing,110152.806937822
182,CAF,188,CAF,162695.951617049,184596,141.2,78.4402266288952,100,110.7576,0,0,141.2,110.7576,41751.640625,900938.5625,741.119550870698,675896.126787845,Mixed Works,363857.414920789
182,CAF,189,CAF,352231.177947547,474063.5,437.225,65.0553147692835,100,284.4381,0,0,437.225,284.4381,22167.44921875,952220,293.354966248017,579093.654268984,Mixed Works,311745.417214803
181,TCD,185,CAF,164122.941096033,188951,142.483333333333,79.567621944087,100,113.3706,1100245.53125,5864.35725,6006.84058333333,5977.72785,24171.85546875,103836.921875,81.8378413501182,525358.178381224,Mixed Works,282817.819361892
185,CAF,186,CAF,53996.5901669218,57492,42.1,81.9363420427554,100,34.4952,0,0,42.1,34.4952,41087.94921875,18106.193359375,46.6689523246293,534200.900129655,Resurfacing,126427.546364018
167,TCD,183,TCD,165025.675215482,240718.5,168.808333333333,85.5592239719603,100,144.4311,0,0,168.808333333333,144.4311,64561.4609375,70759.5546875,43.9289304159388,561138.89388766,Resurfacing,132802.871553413
183,TCD,187,TCD,215177.459567885,261350,192.05,81.6506118198386,100,156.81,0,0,192.05,156.81,60095.63671875,51164.37890625,29.0279156772744,537600.478873154,Resurfacing,127232.113333313
186,CAF,190,CAF,48215.27288125,49501,37.0333333333333,80.1996399639964,100,29.7006,0,0,37.0333333333333,29.7006,41458.453125,37532.5625,112.09327933043,642446.466917017,Resurfacing,152045.663837027
184,CAF,188,CAF,65893.2347656255,71252,52.1333333333333,82.0035805626598,100,42.7512,0,0,52.1333333333333,42.7512,15362.0146484375,47346.93359375,101.422094033808,506601.060210985,Resurfacing,119895.584249933
184,CAF,190,CAF,75286.8308695024,80663,60,80.663,100,48.3978,0,0,60,48.3978,17469.26171875,62244.234375,116.760240138753,520615.01239597,Resurfacing,123212.219600379
184,CAF,191,CAF,117310.911458132,131523,109.533333333333,72.045465611686,100,78.9138,0,0,109.533333333333,78.9138,8476.75,39627.984375,46.6196720961072,441985.70372731,Mixed Works,237935.637173201
188,CAF,191,CAF,99767.5031194926,109224,79.9166666666667,82.0034202294056,100,65.5344,0,0,79.9166666666667,65.5344,6309.29150390625,48240.15234375,68.5119350303216,440536.169641195,Resurfacing,104260.226815083
190,CAF,192,CAF,213320.534737634,256923.5,189.6,81.3049050632912,100,154.1541,0,0,189.6,154.1541,9432.7646484375,134331.515625,76.1641077639954,466440.053714211,Resurfacing,110390.812712363
167,TCD,193,TCD,136536.297289535,145270,101.833333333333,85.5927986906711,100,87.162,0,0,101.833333333333,87.162,26992.537109375,47604.65234375,48.5231854114573,509585.223781464,Resurfacing,120601.836294946
191,CAF,192,CAF,77078.858112854,82954.5,60.875,81.762135523614,100,49.7727,0,0,60.875,49.7727,12069.87109375,85111.65625,157.76745951764,510831.766015884,Resurfacing,120896.851290426
187,TCD,194,TCD,179882.066883464,213396,179.2,71.4495535714286,100,128.0376,0,0,179.2,128.0376,40958.015625,49417.4375,36.2163504815812,522879.83500456,Mixed Works,281483.644510788
189,CAF,192,CAF,172333.61397231,208623.5,152.875,81.8800327064595,100,125.1741,0,0,152.875,125.1741,22929.71875,130061.2578125,96.6818692703569,529408.472239329,Resurfacing,125293.338429974
193,TCD,194,TCD,188899.683802347,207365.5,173.583333333333,71.6769851176188,100,124.4193,0,0,173.583333333333,124.4193,66408.4609375,80310.15625,59.1509425471512,577179.994915286,Mixed Works,310715.230596062
193,TCD,195,SDN,271259.876360061,361776,281.1,77.2200640341516,100,217.0656,1524375,6783,7064.1,7000.0656,55104.88671875,220991.09375,88.2791458193418,583667.375728051,Mixed Works,314207.6039336
194,TCD,195,SDN,131435.990316988,155894,130.05,71.923414071511,100,93.5364,1524375,6783,6913.05,6876.5364,55328.890625,60360.73046875,60.5080354189634,565747.047658359,Mixed Works,304560.493989416
189,CAF,196,CAF,122197.686147092,145802,110.033333333333,79.5042714328991,100,87.4812,0,0,110.033333333333,87.4812,25645.8046875,69315.890625,74.4161619477928,524898.448357783,Mixed Works,282570.331365939
195,SDN,196,CAF,820247.828754774,1143590,912.133333333333,75.2251863762608,100,686.154,1392433.03125,5873.35725,6785.49058333333,6559.51125,21042.994140625,172047,18.6028682424418,457118.633661698,Mixed Works,246082.19778788
6,CMR,13,CMR,115522.201483867,144202,114.141666666667,75.8015915893991,100,86.5212,0,0,114.141666666667,86.5212,120725.6796875,226725.171875,266.437517593748,703944.970550909,Mixed Works,378957.042479905
65,CMR,85,CMR,113298.682608184,146445,103.05,85.2663755458515,100,87.867,0,0,103.05,87.867,6467.021484375,37413.20703125,42.5758669065544,424648.195105438,Resurfacing,100500.07284162
75,CMR,92,CMR,136120.407297747,185726,130.616666666667,85.3149929820084,100,111.4356,0,0,130.616666666667,111.4356,24647.2578125,52195.5234375,46.8580246258328,502593.93250994,Resurfacing,118947.230694019
131,TCD,149,TCD,93777.4881109113,102282,80.4916666666667,76.2429236981054,100,61.3692,0,0,80.4916666666667,61.3692,5802.34765625,115978.78125,173.37384883599,471592.856210079,Mixed Works,253874.154259758
162,TCD,164,TCD,162556.181781937,178584,127.816666666667,83.8313209023341,100,107.1504,0,0,127.816666666667,107.1504,5150.74072265625,135904.09375,118.754757741676,450285.644732232,Resurfacing,106567.602586628
176,CAF,182,CAF,123275.279848665,136538.5,101.8,80.474557956778,100,81.9231,0,0,101.8,81.9231,24328.849609375,897955.875,1018.87067580788,650833.315300936,Resurfacing,154030.551287888
