city_port,population,city_country,IWI,N_IWI,wealth,gdp,SPAM_TOP80,SPAM_TOTAL,N_SPAM,ACLED_fatalities_sqrt,N_ACLED,gdp_other,iso3c,port_locode,port_name,port_status,outflows,lon,lat
TRUE,185490.928624373,port-gentil - GAB,69.2332287468298,10,12842135.8919131,618917223.439575,1417.74665767228,1510.17151710387,21,1.98590147425931,30,617395678.939184,GAB,GAPOG,Port Gentil,AI,148566.9,8.781525,-0.719322
TRUE,1114617.9205292,libreville - GAB,64.2533405221019,28,71617924.7997998,3452185958.74511,8477.79201875295,9195.67376317903,37,7.25150083052258,206,3443087480.00648,GAB,GALBV,Libreville,AI,414222.00003,9.45433,0.392626
FALSE,0,,23.1045476307667,10,0,86454556.7246202,80556.736135792,84600.7255679307,93,0,2,0,GAB,,,,,10.6900301,-1.61629
FALSE,0,,24.3959108720963,13,0,7615798.09447737,7096.25797416841,7667.1876092255,74,0.245976772651641,205,0,GAB,,,,,9.8881998,0.40386
FALSE,274251.248922742,kumba - CMR,53.2280580739407,47,14597861.4045104,961845160.783436,242301.901173858,265024.099834732,92,348.581672435412,1939,701803549.561662,CMR,,,,,9.4839201,4.6536598
FALSE,146202.236536265,loum - CMR,54.3337151641108,43,7943710.67631736,695733996.748284,292424.56927935,318019.802061869,93,95.3272291797776,1011,381900073.911364,CMR,,,,,9.7191801,4.7216001
FALSE,0,,50.0506598617938,34,0,0,0,0,0,137.403686129176,235,0,NGA,,,,,9.7883997,7.85706
TRUE,4139037.99484283,douala - CMR,66.7423419366737,212,276249089.140684,14195833215.2479,852526.959964806,930946.882023295,77,67.6425673042628,751,13280889984.4881,CMR,CMDLA,Douala,AI,1089387.80006,9.704361,4.048275
FALSE,84274,edea - CMR,56.9610281399214,45,4800333.68546373,1251338674.18262,950937.657841075,1034304.76910161,93,1.12043899155897,12,230779778.365202,CMR,,,,,10.10923,3.81478
TRUE,375069.860900754,bata - GNQ,61.9964934126871,43,23253016.1606311,1126847537.3171,8330.76364604701,10304.7285186079,55,10.6360076753286,3,1117906851.37642,GNQ,GQBSG,Bata,RQ,454067,9.765828,1.863912
TRUE,139726.879616139,kribi - CMR,59.9551486071238,38,8377345.8317953,429923405.094483,25322.07230478,34031.2083556712,46,0,18,402747421.539635,CMR,CMKBI,Kribi,AI,1338743.54556,9.907671,2.937265
FALSE,10291.0693602278,mengomeyen - GNQ,22.6469451153519,21,233061.282979359,71397402.2453409,56086.5229438623,90109.8713992151,89,0,0,11204602.5871825,GNQ,,,,,11.0017595,1.6778599
TRUE,1418331.53539011,bafoussam - CMR,54.3739600794063,97,77120302.2846648,4523206115.0996,759949.202476109,1095730.15325282,90,52.012616387937,418,3707618560.47785,CMR,"","","",,10.417639,5.477679
FALSE,0,,41.5794362588064,57,0,0,0,0,0,64.1138729558309,200,0,NGA,,,,,11.3106298,8.9040794
FALSE,0,,29.6515334612707,15,0,39396077.9288289,36708.5272856879,37858.9763393699,88,0,2,0,GAB,,,,,10.4113894,-0.24969
TRUE,0,Medounou - GAB,48.8168003043174,36,0,36185608.0879085,33717.0716395647,41929.8497265854,91,0,2,0,GNQ,"","","",,10.795319,1.016035
FALSE,0,,29.5695457544034,20,0,346342013.235364,322714.998838169,352532.884842941,82,0.411845541983393,6,0,CMR,,,,,10.1261997,3.4361398
FALSE,0,,34.6174379187322,22,0,6132176.34668423,5713.84702684284,7284.37675668659,93,0,1,0,CMR,,,,,10.5479898,2.8142998
FALSE,0,,36.9335943293525,26,0,158279150.04838,147481.546482949,161920.719273877,94,1.77903457514345,7,0,CMR,,,,,10.5248098,3.85636
TRUE,51548.4958707443,lambarene - GAB,44.2374644712455,26,2280374.7546282,148649378.974143,36356.7889349351,37947.1980094242,92,0,14,109630791.30443,GAB,"","","",,10.240261,-0.699501
FALSE,0,,23.8912930223913,9,0,9941110.85262965,9262.94083494954,9484.44764899184,92,0,1,0,GAB,,,,,10.9577293,-0.07846
FALSE,48967.9640912569,makenene - CMR,36.8861242034851,17,1806238.4054619,102889594.390011,14958.1428497742,18249.8878665965,87,1.56758848373625,8,86836317.2646705,CMR,,,,,10.8377495,4.7785001
FALSE,180715.137622366,foumban - CMR,36.8372368276155,43,6657046.32293021,500224475.737472,167890.01799204,244404.805960719,91,33.5924056794398,408,320042683.621129,CMR,,,,,10.90411,5.8210897
FALSE,0,,29.4140283733548,29,0,48781018.7875742,45453.2393407861,52319.600545927,91,0,1,0,CMR,,,,,10.8100796,4.4519897
FALSE,26579.7797320302,eseka - CMR,34.8036640028052,31,925073.72306215,140299092.626795,89288.3620287955,102731.078126604,91,0.600202694338549,4,44473639.2860014,CMR,,,,,10.8252296,3.87113
FALSE,0,,21.6106596636607,20,0,7280139.49741684,6783.49758235652,8732.64363429007,88,0,7,0,CMR,,,,,10.8318396,2.80825
TRUE,10269.4485091619,ndende - GAB,36.2647866328055,15,372419.359021339,55283087.3552136,34828.806609743,36437.8056576915,88,0,2,17904350.5650696,GAB,"","","",,11.358396,-2.40053
FALSE,0,,23.6235225190856,10,0,47412647.0216279,44178.2161672115,48439.5389459693,89,0,1,0,GAB,,,,,11.2579899,0.98871
FALSE,0,,50.5899155336298,40,0,63451572.8782141,59122.9867736474,70593.6871344521,92,0,5,0,GNQ,,,,,11.3172693,1.6293399
FALSE,26185.3621297611,monatele - CMR,29.1692612527964,29,763807.668962082,201283709.892559,153336.777607329,178511.496889558,89,0.484471067779696,2,36720648.2104551,CMR,,,,,11.0112896,4.2733197
FALSE,0,,34.421129552294,41,0,89998109.6773981,83858.5523848694,98277.0644090687,93,0.337538925855184,5,0,CMR,,,,,10.8997297,3.9534199
FALSE,71120.3027912351,ebolowa i - CMR,58.8825558567211,85,4187745.20165182,214005649.484844,11811.7618105141,15352.8249543313,90,0,7,201329110.185344,CMR,,,,,11.1500101,2.9010398
TRUE,5473116.69939264,yaounde - CMR,61.6783182312002,224,337572633.501636,16555614610.6218,304270.840938726,374803.766386964,93,39.5377859714356,233,16229067112.0583,CMR,"","","",,11.516925,3.866788
FALSE,0,,23.7314194544576,34,0,15282464.2109048,14239.9138181222,18361.901909869,93,0,6,0,CMR,,,,,11.0307493,2.5671699
TRUE,107018.126875407,bafia - CMR,56.2577741985226,60,6020601.61690549,549706495.894571,242506.684037893,284886.511517615,90,5.69389018543282,6,289445108.989419,CMR,"","","",,11.233892,4.750141
FALSE,0,,47.2132674231036,58,0,425999430.973614,396938.288218257,466732.20789169,93,19.3160628459546,234,0,CMR,,,,,11.5215797,4.1286998
FALSE,0,,23.5640458156064,25,0,26158017.5257364,24373.5506315549,27782.3991958235,52,25.0685038992968,306,0,NGA,,,,,11.2000599,6.5863299
FALSE,21092.3792361838,bankim - CMR,48.4903842992829,10,1022777.57494877,93703235.1668064,41494.462620741,55615.4520889018,90,1.27346081202811,12,49170828.015214,CMR,,,,,11.4886093,6.0801997
FALSE,0,,24.6084373628492,10,0,35012347.0330319,32623.8489709534,33764.1969571239,93,0,1,0,GAB,,,,,11.4499493,0.35482
TRUE,15925.5515698234,lastoursville - GAB,28.9219651239633,36,460598.247082311,30031407.8439154,7349.69363070915,7589.94899203023,91,0,5,22143619.2444167,GAB,"","","",,12.708589,-0.817882
FALSE,80169.8524098465,bitam - GAB,49.7119836212941,59,3985402.38991985,219623544.122254,26110.5815339027,32529.1941260163,88,0.949345336787922,6,191601322.013721,CMR,,,,,11.3366795,2.1724999
FALSE,0,,35.989804730622,50,0,11071482.8741379,10316.2003058409,13811.9149522363,93,0,6,0,CMR,,,,,11.3987398,2.9416099
FALSE,0,,20.2978890632107,30,0,0,0,0,0,6.25096982028127,32,0,NGA,,,,,11.37848,7.80269
FALSE,19459.6703042637,mayo-darle - CMR,27.6775168161235,21,538595.352082478,57301487.1384908,29265.4757239136,34361.7951330074,84,0.350733375635944,6,25893390.7779194,CMR,,,,,11.5749798,6.2867699
FALSE,0,,21.4276726170787,19,0,47313139.8149917,44085.4972164437,56194.1321222136,93,2.0492404087648,5,0,CMR,,,,,11.3942499,5.033
FALSE,38496.9230736977,ntui - CMR,39.1395367626388,29,1506751.73589147,456049171.320409,357441.457458339,421035.591247022,94,0.99265102922109,12,72438262.513583,CMR,,,,,11.6239901,4.45331
FALSE,11637.3076462173,mitzic - GAB,25.3228390016027,28,294689.667937281,87037085.8562051,67898.5752230375,70570.40935444,93,0,1,14167435.1637309,GAB,,,,,11.5485697,0.78783
FALSE,0,,21.8190986327782,17,0,72565348.074848,67615.031745374,70372.4619027178,90,0,5,0,GAB,,,,,11.6136293,1.40861
FALSE,0,,44.3513899976176,28,0,0,0,0,0,71.8631883006067,104,0,NGA,,,,,12.0360594,9.4568796
TRUE,117355.615343071,oyem - GAB,47.4419394134149,40,5567577.99293,349310176.779675,76074.8444105395,79696.0165504487,90,0,5,267665645.646723,GAB,"","","",,11.580106,1.599523
FALSE,0,,18.6803899301087,12,0,8481252.10071525,7902.67180195819,9303.50227162661,91,0,1,0,CMR,,,,,12.0939293,2.362
FALSE,0,,25.0955286884135,20,0,83921763.5114454,78196.7268743931,80885.5689927439,17,0,1,0,COG,,,,,12.4489298,-3.7208798
FALSE,0,,23.3612615213041,26,0,38866027.008521,36214.6357692258,38360.3908286285,28,7.53743288981286,12,0,NGA,,,,,12.0422497,8.1119099
FALSE,0,,18.1823813647694,16,0,7305872.2782583,6807.47490541294,10246.5913338713,91,0,0,0,CMR,,,,,12.2272902,5.3556399
FALSE,129236.935754174,mbalmayo - CMR,41.0625757569253,41,5306801.46499866,377673134.417403,114184.69083542,150136.503465427,92,4.04867326713373,220,255128611.085754,CMR,,,,,11.5141802,3.4663
TRUE,123584.075442859,sangmelima - CMR,56.9289655047632,49,7035513.56782458,344313607.292441,5661.33177770739,7856.58544187586,90,0,7,338237791.007039,CMR,"","","",,11.984259,2.933186
FALSE,27458.9151910746,makokou - GAB,29.4106161947788,19,807583.615809677,44861402.0896765,5624.40982886651,5827.12943423999,91,0,7,38825210.9290443,GAB,,,,,12.8800592,0.57262
FALSE,0,,31.8059331008401,33,0,91950442.583434,85677.6996076319,113872.345101647,89,0,1,0,CMR,,,,,11.7421799,3.4712598
FALSE,24558,akonolinga - CMR,33.8926376387238,29,832335.39513178,112396144.947039,67443.2344687946,87715.3838567677,93,0.84965088250288,9,40015171.986001,CMR,,,,,12.3173695,3.86707
FALSE,0,,42.5938391278152,38,0,408711258.552238,380829.493068744,446809.608239816,93,3.61644914611375,234,0,CMR,,,,,11.6356602,4.2817297
TRUE,55734.922674582,tibati - CMR,40.1339961626869,23,2236865.17274933,131808891.055284,22614.1978126043,24785.9528426609,92,2.94142081959532,14,107539034.289042,CMR,"","","",,12.62843,6.465065
FALSE,0,,28.0584954125544,20,0,193235376.622864,180053.103462104,182702.617002522,90,0.765679526984615,14,0,CMR,,,,,13.4344997,4.5693398
TRUE,1210568.39894477,pointe noire - COG,62.4806814208222,40,75637138.4725829,3779406122.27334,133330.273644775,140297.730560707,14,3.10131774037414,11,3636314305.76155,COG,CGPNR,Pointe Noire,AI,3473713.58117,11.893892,-4.818817
FALSE,0,,26.5356186031771,23,0,75880939.123064,70704.437362895,73721.1837299895,14,0,1,0,COG,,,,,12.1422396,-4.4204998
FALSE,12289.9424341209,ayos - CMR,24.3573751294474,31,299350.738187197,81594174.1244267,62618.1742367835,74646.5595748009,93,0.273902057894956,7,14391519.7440336,CMR,,,,,12.5527201,3.8897099
FALSE,0,,37.2291562950342,17,0,5502143.28135533,5126.79402092452,6852.78999375467,87,0,1,0,CMR,,,,,12.6691294,2.67044
FALSE,0,,36.996444107965,25,0,0,0,0,0,60.0321105485859,198,0,NGA,,,,,12.2308893,9.30441
FALSE,0,,51.6124374295384,105,0,0,0,0,0,426.975923124874,746,0,NGA,,,,,13.1129599,11.8344793
TRUE,142576.296164443,dolisie - COG,46.3406113822735,49,6607072.73288038,401279423.83554,77933.4948866938,80593.6334699321,21,0.991669885894682,13,317640164.381532,COG,"","","",,12.666658,-4.1983
FALSE,0,,18.3748807025148,20,0,6910497.07132708,6439.07169537922,9778.33763075809,82,0,0,0,CMR,,,,,12.3433399,5.4879899
FALSE,0,,34.95484559539,51,0,41475374.9519822,38645.9772939694,45990.2306876596,11,36.0169428867918,116,0,NGA,,,,,13.1615601,10.3116198
FALSE,15811.8463469583,makabana - COG,20.6214024895594,13,326062.447623697,85396628.4818859,64964.6493022045,67522.3829051561,13,0,1,15675705.9667911,COG,,,,,12.6040697,-3.47978
FALSE,145899.299833998,nkayi - COG,30.8053691455104,35,4494481.78945781,560385433.012993,320821.348514607,334473.37548753,30,0.155614113038851,16,216075710.398726,COG,,,,,13.0467901,-4.1487999
FALSE,78609.3275619483,moanda - GAB,58.8645294950298,38,4627301.08085476,267125118.103411,41617.0941074622,43872.3950902163,93,0.129150295652237,23,222461101.215209,GAB,,,,,13.2161398,-1.5501
FALSE,34771.0780473544,ngaoundal - CMR,26.4265705771924,18,918880.348063476,61637773.7662175,16270.6580247474,18194.7731553126,92,2.09689456117803,12,44175887.9622018,CMR,,,,,13.0723896,6.5987396
FALSE,0,,24.580991601038,17,0,27473338.367812,25599.1419482335,26630.9903835506,10,0.5648348370165,1,0,COG,,,,,15.8996,1.4879199
FALSE,0,,23.9015667784341,12,0,18247036.3853016,17002.246625739,17831.8143677146,92,0.621866934812348,14,0,GAB,,,,,13.7685299,-1.60314
FALSE,24390.7586285276,makoua - COG,30.3552408659874,24,740387.353073117,35594698.2944179,0,0,0,0,0,35594698.2944179,COG,,,,,15.6253796,-0.00424
FALSE,24738.1054187109,mindouli - COG,33.7293206519724,34,834399.489989997,40114404.9529396,0,0,0,0.703876717216436,2,40114404.9529396,COG,,,,,14.3372498,-4.2444501
TRUE,398186.460856134,ngaoundere - CMR,59.6974992536809,55,23770735.9497849,1356923681.54701,199519.571730035,205175.370306287,88,5.98426670235198,15,1142796633.21762,CMR,"","","",,13.584335,7.328085
FALSE,0,,25.6535505925954,21,0,0,0,0,0,373.13638005496,566,0,NGA,,,,,13.9104395,12.0382099
FALSE,10383,mogode - CMR,31.7692183611356,55,329859.794243671,80152491.3910175,59908.1542604247,88527.2369164395,20,65.3232678468281,401,15858266.3612877,NGA,,,,,13.3954792,10.6302195
TRUE,622514.987458491,garoua - CMR,50.9486731855807,68,31716312.6491485,2066745258.07537,504987.09332955,640469.612849774,89,12.8582078661366,25,1524786417.6394,CMR,"","","",,13.397603,9.301353
TRUE,151034.590135573,franceville - GAB,58.7599373323003,42,8874783.05137593,468332067.649133,38827.2922708385,41030.8899508475,92,0.959123581769854,20,426662103.061265,GAB,"","","",,13.583221,-1.63274
FALSE,0,,30.0433837417853,30,0,186724243.720861,173986.151817179,175579.342194405,76,0.189315948392006,9,0,CMR,,,,,13.5015793,4.26088
FALSE,0,,24.2981335257613,53,0,3929136.44144911,3661.09571949496,6854.57064653336,7,615.750814564459,2472,0,NGA,,,,,13.7554197,11.4666996
TRUE,413800.878053035,maroua - CMR,54.3721883690733,73,22499259.2887875,1389053549.13414,286414.788134754,470145.20600957,91,50.2874411137124,157,1081669403.06068,CMR,"","","",,14.315781,10.591182
FALSE,0,,27.0906936732537,9,0,419184657.098061,390588.409603222,418726.515332314,94,1.76076032096313,9,0,CMR,,,,,13.7330093,8.4772596
TRUE,141392.26346044,figuil centre - CMR,33.7768793700786,45,4775789.42676566,618295550.739699,362179.423469878,443812.8760827,79,1.72477479467092,12,229599794.023774,CMR,"","","",,13.964553,9.756758
TRUE,345365.807885422,bertoua - CMR,61.3696470867224,51,21194977.7457491,1287722068.05914,250422.751488842,252315.933641761,90,1.08779077409728,10,1018965052.66526,CMR,"","","",,13.684509,4.577279
FALSE,0,,17.2707198086481,26,0,120608398.961895,112380.646423081,114062.279518102,92,0.635360347217734,4,0,CMR,,,,,14.2049799,4.4045601
TRUE,69452.702674907,meiganga - CMR,46.9992726155422,27,3264226.50690415,188464382.333001,29382.9322278238,32097.6265073175,94,1.09681108634604,2,156930230.095949,CMR,"","","",,14.300062,6.517352
FALSE,31160.2874243382,touboro - CMR,38.8384086261568,38,1210215.97589494,449014648.485691,364170.469265732,403198.349962024,70,16.4959236387471,100,58182075.0371608,CMR,,,,,15.3446693,7.7679696
FALSE,0,,30.6971758574637,47,0,0,0,0,0,384.835609365571,506,0,NGA,,,,,13.6138992,12.6806498
TRUE,90244.3560199552,bol - TCD,23.8217356843365,81,2149777.19611054,116762320.677029,12495.2879885621,30474.7058430283,71,84.6088382227393,76,103352212.02545,TCD,"","","",,14.713518,13.467278
FALSE,0,,37.885875671436,14,0,60603795.9716808,56469.4816083393,58109.1963017244,87,0,0,0,CMR,,,,,14.1283493,5.5056601
FALSE,29572.4475426371,tchollire - CMR,19.413397373084,15,574101.675439895,276787836.433988,232188.198531593,266560.007480288,92,1.06639277233512,6,27600384.9103901,CMR,,,,,14.1898193,8.5108795
FALSE,0,,21.9184478623156,29,0,801621.583636542,746.935972379753,1470.26111819005,6,187.184293514425,1156,0,NGA,,,,,14.0937595,11.6462593
FALSE,0,,31.8816829236498,12,0,41919.7685769159,39.0600549474845,121.134591892922,1,0,0,0,COG,,,,,15.7244291,-0.92713
FALSE,0,,17.7234814494068,96,0,33490216.4247613,31205.5561889403,61199.082653361,53,75.315274841365,562,0,CMR,,,,,14.8157597,12.1747494
FALSE,11471.4303570819,moutourwa - CMR,17.4971601977199,29,200717.45465485,335594409.986838,303709.222415273,420606.016350214,72,5.43385501156787,25,9649647.86501063,CMR,,,,,14.1626501,10.0613394
FALSE,0,,13.7659981848826,34,0,76232994.9870703,71032.4764208263,117498.812057292,71,8.44307792287192,36,0,TCD,,,,,14.7029295,9.3443298
FALSE,72478.9278759966,mora - CMR,26.4746143867019,50,1918851.66667859,283900895.250585,178576.445563576,302023.534230986,70,856.801933959832,3442,92250287.4524656,CMR,,,,,14.15061,11.0441399
FALSE,0,,26.1281380208488,20,0,39406775.6541013,36718.4952256631,68239.335282077,48,68.4930736229093,595,0,CMR,,,,,14.6434498,11.92132
FALSE,47617.4021299521,batouri - CMR,35.366759098458,44,1684073.19002442,231767727.855767,140516.899312972,142248.480022107,94,0.954576655483956,4,80963129.4427543,CMR,,,,,14.3721695,4.45296
TRUE,45131.9236986535,garoua-boulai - CMR,34.3876275173307,55,1551979.78128989,221419019.052898,136791.437151079,137764.594496926,49,25.1043895552,102,74612636.0002732,CMR,"","","",,14.551279,5.878111
FALSE,65845.1256634445,kaele - CMR,22.4174775985443,45,1476081.6295336,354996672.907717,264656.53420973,428890.862047408,76,6.33900312638404,35,70963773.2777327,CMR,,,,,14.5141497,10.1704798
FALSE,22028.1538716239,madingring - CMR,24.1676508314475,33,532368.731230805,229505566.158724,190000.93851383,214785.681484477,90,1.0631018244527,16,25594041.1338593,CMR,,,,,14.9436398,8.2232294
FALSE,0,,16.7152247326941,40,0,200434586.737997,186761.192562349,205644.073996114,67,50.7248825008445,231,0,CAF,,,,,15.4863501,7.36901
TRUE,174932.893358645,bongor - TCD,33.2915882919112,43,5823793.86440881,434423347.505225,143904.227961792,244863.952982623,45,8.90581624690459,38,279983423.098858,TCD,"","","",,15.374228,10.280878
TRUE,2339401.02555672,brazzaville - COG,60.6262456666502,32,141829101.288215,6852141165.78591,31304.7996419691,33771.2290422421,10,107.436734246351,847,6818544439.97223,COG,"","","",,15.283194,-4.266136
FALSE,22699.9776569359,mingali - COG,32.7304753102461,13,742981.058243479,472442370.59549,406930.288332666,439692.504543168,42,6.26291276059806,683,35719392.6893458,COG,,,,,15.4050999,-3.89394
FALSE,0,,18.3671796396364,30,0,116561222.080385,108609.562833153,110246.645253363,83,1.4793573065247,5,0,CMR,,,,,14.5641098,4.4013901
FALSE,0,,19.5978635301114,39,0,76811116.1323946,71571.1588723107,72881.1475229258,68,1.45425828795965,10,0,CMR,,,,,14.5942297,4.6947098
FALSE,105815.42124847,guidiguis - CMR,15.4830029031138,51,1638340.47438427,384163404.576069,284564.983321165,462538.655673023,82,3.43743998330633,37,78764493.5413729,CMR,,,,,14.8210993,10.1556597
TRUE,33876.4014503127,baboua - CAF,22.9883594180969,22,778762.892331526,88931784.1546691,47979.4224162126,48393.0851708312,16,37.3938038898744,118,37439632.2146409,CAF,"","","",,14.825375,5.795872
FALSE,30115.4286851533,gamboula - CAF,28.723234850042,33,865012.530733348,156312483.291392,106899.847172027,109131.052575868,56,1.61245783649237,21,41586150.7149539,CMR,,,,,15.1096897,3.9338698
TRUE,104474.448759496,berberati - CAF,30.042597303475,30,3138683.79258407,169220426.026656,17075.5994798254,19202.5471358711,16,11.3761181281823,36,150894666.386308,CAF,"","","",,15.792011,4.261094
FALSE,103120.827602819,carnot - CAF,19.7435333685845,35,2035969.50077229,116258261.095993,17123.7567011607,19534.1226226052,13,7.93771657675091,22,97880818.4875487,CAF,,,,,15.8485699,4.9169397
TRUE,102248.731107662,pala - TCD,22.2881284266189,38,2278932.8503864,182249426.764795,67729.2756331545,118578.528323725,74,8.10449508873894,43,109561470.63567,TCD,"","","",,14.907253,9.36462
TRUE,54804.1239070126,massakory - TCD,24.2170183811361,95,1327192.47601819,67113951.8433091,3082.46334719429,4781.85281717821,16,3.6955234567983,9,63805811.3316038,TCD,"","","",,15.731938,12.99809
FALSE,0,,17.8299036068392,41,0,10452771.0852711,9739.69625321353,18927.0043634539,35,31.8940674026826,476,0,TCD,,,,,15.0444393,12.3873701
TRUE,2136601.20273328,ndjamena - TCD,48.0116784932716,244,102581810.013968,4956437333.17561,23049.4452963414,42767.2420182153,42,77.4596330447416,504,4931700363.04211,TCD,"","","",,15.06721,12.126544
FALSE,0,,18.0595343969613,53,0,213338376.08642,198784.701710673,325140.342678626,72,3.20120204283644,41,0,CMR,,,,,15.1236095,10.0114002
FALSE,0,,21.0499690274548,41,0,7468293.87864856,6958.81630951114,7865.58174397245,15,22.9068522340146,150,0,CAF,,,,,15.17027,5.8000598
FALSE,0,,14.8317407488972,15,0,74649008.352251,69556.5473522152,120249.852333791,74,9.74507598891079,28,0,TCD,,,,,15.09583,9.3775196
FALSE,56319.0562453928,fianga - TCD,19.8914956217312,58,1120270.26072526,216670303.201803,151705.579663167,250063.101877227,69,2.01822746254793,39,53857864.7693171,TCD,,,,,15.1395493,9.9127693
FALSE,32539.3169618224,massaguet - TCD,20.0344247233117,49,651906.496219612,32297239.8090467,891.088120013699,1430.57262949176,9,0.278620401161179,3,31340912.2303263,TCD,,,,,15.4413595,12.4850397
FALSE,31407.8777896404,guelendeng - TCD,20.1485325851605,33,632822.64907531,43885766.6873659,12543.9424485614,28618.1589642479,21,1.61016896641018,2,30423441.4245667,TCD,,,,,15.5493994,10.9177799
FALSE,44789.1295632699,gounou-gaya - TCD,18.1305695145841,32,812052.427044577,103986691.489367,60516.0613572931,115149.766072149,56,12.7210479003819,25,39040052.5075515,TCD,,,,,15.5116692,9.6324301
TRUE,126495.723213993,kelo - TCD,21.5906789830408,49,2731128.5526409,190908547.439885,55541.0738314765,132108.848241271,79,11.4621377626032,26,131301130.9972,TCD,"","","",,15.806615,9.308491
FALSE,0,,13.1703732274604,5,0,21173404.4052856,19728.9815180705,20749.9639915349,84,0,0,0,CMR,,,,,15.2196093,2.96295
FALSE,0,,15.1195968184272,29,0,60434037.775645,56311.3041018776,101511.072944884,34,2.83923608480945,15,0,TCD,,,,,15.7224398,9.9681501
TRUE,81699.3661359343,bouar - CAF,25.3106731983058,44,2067865.95677536,128904786.397933,27478.7148942566,31772.393490628,27,33.3427683228723,109,99414265.437146,CAF,"","","",,15.595828,5.933999
FALSE,0,,16.1874045777634,17,0,6544713.42525988,6098.2413473285,7107.75692005994,10,6.37342189220592,32,0,CAF,,,,,15.8188992,5.2572198
TRUE,47976.2685205373,ouesso - COG,53.3747210009662,15,2560719.94695112,148190454.083093,23370.7973774821,24209.7180811337,16,0.996947537764564,1,123108604.637688,COG,"","","",,16.051254,1.613441
FALSE,10645.019082835,basse-mambere - CAF,20.0800842580189,20,213752.880111546,33472047.7561382,21613.3295333934,25338.4952701409,24,3.91698396700803,10,10276336.0902276,CAF,,,,,16.3028488,3.8475299
FALSE,26407.9671480255,mbai mboum - CMR,15.5964992374169,69,411871.83948591,260494599.356262,224273.730995059,248023.395077761,63,46.8803887707968,141,19801059.2720377,CAF,,,,,15.5388298,7.4776397
FALSE,11864.4189801545,laramanaye - TCD,14.0274208907114,47,166427.198658373,184172302.881598,164153.010136124,188146.089831182,54,19.7473693584156,99,8001117.11746771,TCD,,,,,15.6110096,7.7862897
FALSE,12643.5040514883,moulkou i - TCD,12.3394146476631,28,156013.439090722,21742655.6458807,13270.6040523418,24207.9041509929,16,3.0650657877797,31,7500467.52049314,TCD,,,,,15.5752592,10.5880795
FALSE,0,,19.3966031378718,7,0,2837616.92802189,2644.03828768946,4002.06773556759,17,1.56184855395344,2,0,TCD,,,,,16.4475193,12.87778
FALSE,44006.346260792,bokaranga - CAF,15.3452468706415,64,675288.247246786,47188467.3560615,13719.0434648744,15848.8773438988,29,63.225255075371,179,32465008.1106152,CAF,,,,,15.6587,6.9447098
FALSE,13549.6209183554,kim - TCD,14.2064206791681,38,192491.614809413,70883378.5398929,57424.9285849897,130592.970223426,55,13.5878521878928,24,9254184.21169293,TCD,,,,,15.7946997,9.6247196
FALSE,16296.6288890164,baibokoum - TCD,10.8608665787997,40,176995.512047821,138316335.12462,120951.859217457,139679.456752264,50,22.2432806790126,99,8509197.00972529,TCD,,,,,15.6824598,7.7256999
TRUE,59887.8591216403,paoua - CAF,18.6605180209767,31,1117538.47437708,126251694.42776,67577.5874990266,79736.340906149,57,72.2118719413441,150,53726532.0142874,CAF,"","","",,16.44061,7.242225
FALSE,0,,13.3179406550408,22,0,16366910.5881462,15250.3806341526,34703.7560037773,25,0.815187035185024,2,0,TCD,,,,,15.7607698,10.77948
FALSE,17765,baoro - CAF,20.7012556098196,28,367757.805908445,42608004.4333672,23227.2212684798,23837.3344343369,18,11.4424351257578,90,17680242.7707534,CAF,,,,,15.9511194,5.6910501
FALSE,0,,15.9324798425834,11,0,13109515.5041345,12215.2009257124,14414.6682072128,12,12.2727278588693,52,0,CAF,,,,,16.250349,6.1756797
TRUE,301582.399103316,moundou - TCD,33.6967763405847,77,10162354.6508414,565923940.516925,72083.3725174876,135268.958655063,65,19.7311208877033,46,488563109.912888,TCD,"","","",,16.077206,8.574358
FALSE,30577.8599977087,bozoum - CAF,23.7597953071107,40,726523.694475048,55598363.0379994,19260.0779867315,22676.2539792157,18,20.5536562434772,51,34928192.1162575,CAF,,,,,16.3669205,6.3208299
FALSE,16147.5172698767,bessao - TCD,9.85271936042225,34,159096.956027667,14850618.0005149,6710.60294176068,23651.5886127445,25,6.3493298533479,16,7648709.99735434,TCD,,,,,16.0609303,8.0346098
FALSE,0,,19.1096002833937,27,0,50926849.4852325,47452.6841803907,94268.8248460031,40,5.58746734912766,19,0,TCD,,,,,15.8144693,9.8830996
FALSE,15238.4978910859,ba-illi - TCD,17.9913575963026,27,274161.264789029,62895698.6637327,46323.6755482265,100712.81650534,49,0.0478610843752967,1,13180516.2036821,TCD,,,,,16.4502888,10.5119896
FALSE,68178.740235502,lai - TCD,18.2921354733362,26,1247134.7527892,110617092.651936,47204.1494127368,109731.214337672,65,12.3564705877073,20,59956973.9728269,TCD,,,,,16.3063602,9.3920593
FALSE,0,,15.6978560740351,5,0,6890262.18612269,6420.21720846837,7359.00851647571,13,7.53709958765378,32,0,CAF,,,,,15.9440699,5.2656698
FALSE,0,,22.7746474254728,14,0,9594815.40242546,8940.2692226714,10078.8759432804,19,6.72135007708571,19,0,CAF,,,,,16.2233887,5.0362797
FALSE,23704.3723906428,binon - CAF,16.643510771566,20,394523.977216876,35317637.8644394,15235.1739507854,16273.2535362119,39,2.81061120831625,10,18967047.2903954,CAF,,,,,16.6357002,5.6790099
TRUE,17500.6926778217,pokola - COG,53.2889896720864,4,932594.231362798,47848827.6319396,2808.04774933651,2885.59148392908,4,0.245127904715937,1,44835193.5762943,COG,"","","",,16.318302,1.40515
FALSE,14218.3870855606,donia - TCD,10.6876587471578,16,151961.269105467,31203450.8230706,22267.5171906604,41366.3383413118,33,6.80431633934137,17,7305656.29436375,TCD,,,,,16.4396496,8.2814693
FALSE,0,,15.7452556981713,20,0,16879821.7445313,15728.3016397235,16349.5378286701,60,7.86057172519378,32,0,CAF,,,,,16.9249191,5.3853297
TRUE,29539,boda - CAF,23.8858730261276,25,705564.803318783,37572202.2041205,3402.51584539667,3618.26463042855,19,15.3162356137124,20,33920577.1101444,CAF,"","","",,17.46935,4.318939
FALSE,107185.492020245,koumra - TCD,17.7183434867482,39,1899149.36441081,202569254.547281,103675.733083485,147572.916141828,61,9.64494534921083,15,91303083.935258,TCD,,,,,17.5184402,8.9181194
TRUE,58763.1271376364,bossangoa - CAF,34.4475859065998,53,2024247.87021417,163780773.228323,61929.4265664726,72542.3097212809,45,29.0225797077803,42,97317291.9746996,CAF,"","","",,17.455211,6.492666
FALSE,108975.546105379,gore - TCD,28.1920618238357,58,3072245.33308911,163343365.486976,14575.6490908369,17257.6990163209,21,11.0425665456939,31,147700585.732373,TCD,,,,,16.6315002,7.9285197
FALSE,0,,16.1067642736146,44,0,83214573.3098896,77537.7802945614,90057.1201857375,61,58.1400803813865,189,0,CAF,,,,,16.6266804,7.3415098
FALSE,0,,16.8813528206166,21,0,37785313.7343576,35207.6473886997,53613.5998768516,43,1.41065108074253,3,0,TCD,,,,,17.3640194,12.1553392
FALSE,46033.8395150495,oum hadjer - TCD,19.2319718491905,36,885321.505663584,48450822.6492396,5486.60962578415,9200.95496615528,24,0,2,42562520.4926252,TCD,,,,,19.6925602,13.30019
FALSE,17442.4201930101,bousso - TCD,19.5098418591017,33,340298.85960563,57169449.6913403,38025.3571015847,81872.4619464963,37,0,0,16360132.5540209,TCD,,,,,16.7320595,10.4628696
FALSE,0,,17.4170873937364,21,0,78289835.7100516,72949.0020693509,85518.831290339,66,28.8283405842646,57,0,CAF,,,,,17.2771301,6.9893699
FALSE,0,,16.3660076744991,15,0,54426453.4894141,50713.5496225974,59766.1385649533,56,41.146095108726,56,0,CAF,,,,,17.3041687,7.1547298
FALSE,13611.089510689,melfi - TCD,17.7989056312071,45,242262.497738667,21513784.2648379,9193.72370930372,13109.8603090067,12,0,0,11646958.1486873,TCD,,,,,17.9369888,11.0624495
FALSE,0,,14.2471329743725,39,0,12383689.4101038,11538.8897704364,15394.5492418318,16,1.49028070642493,19,0,TCD,,,,,18.1694088,9.2109594
TRUE,35501.7868147301,yaloke - CAF,26.5259285843724,25,941717.861665142,53673326.843993,7826.50384443114,8180.52074022413,57,12.4383888369977,25,45273819.2046412,CAF,"","","",,17.101301,5.319309
FALSE,0,,13.0244360688467,20,0,1277180.5126207,1190.05287229311,1373.77315871001,27,1.89579647441255,5,0,CAF,,,,,17.205019,4.74122
TRUE,19662.2057171484,bossembele - CAF,22.0822776491881,18,434186.285841525,22850109.906419,1841.44787071371,1841.44787071371,77,2.71113304588097,8,20873843.6494832,CAF,"","","",,17.65002,5.266678
FALSE,0,,17.7698310823402,10,0,1277124.40749502,1190.00059458818,1190.00059458818,78,4.68775997676385,28,0,CAF,,,,,17.7726898,5.1345501
FALSE,24168.1195043441,batangafo - CAF,17.9823599451769,36,434599.824125167,61859043.2184073,38170.7161497549,44013.1882323701,33,30.1995211920112,77,20893724.8243552,CAF,,,,,18.2916088,7.3076496
FALSE,46508.8617763549,bitkine - TCD,15.3733590572387,42,714997.431431387,64262446.6187905,27849.4404780909,38123.1444285795,39,0.949629238277234,2,34374058.0487342,TCD,,,,,18.2176304,11.9814501
FALSE,20956.4544739038,bouca - CAF,15.3015246549281,54,320665.704812316,41908136.2351923,24684.6401130679,29233.0379094984,22,8.46721575773839,21,15416253.3554704,CAF,,,,,18.2746792,6.5095301
TRUE,21884,m'baiki - CAF,20.8345698185941,21,455943.725910113,66893289.5644,41905.4088106405,43984.1344667197,39,9.74682272050591,23,21919849.5161229,CAF,"","","",,17.987963,3.870437
TRUE,168098.790637949,sarh - TCD,34.3417178582071,101,5772801.24039426,296660244.857621,17823.4212271561,21314.0750492344,17,1.9533871480913,20,277531913.008221,TCD,"","","",,18.383302,9.145562
TRUE,1606979.16357876,bangui - CAF,45.3434548668945,42,72865987.1757733,3515457176.92224,11524.3887625783,11627.1591613066,61,139.425826154371,517,3503089050.18593,CAF,"","","",,18.555526,4.361532
TRUE,69641.5173528425,mongo - TCD,31.2443384320176,35,2175903.13709144,138287570.310415,31381.7717841319,43807.5342736754,44,3.21633349578383,8,104608236.973759,TCD,"","","",,18.6884,12.18514
FALSE,21091.5389695313,dekoa - CAF,22.6355394909581,39,477418.363269907,58151911.1208544,32798.3759488261,35470.1362080753,29,4.14303669292576,10,22952259.422412,CAF,,,,,19.0769901,6.3214898
FALSE,21579.479977971,kabo - CAF,16.4783359467086,28,355593.920632278,24974241.8380591,7341.30640708643,8427.11715851558,14,24.9012729822067,29,17095454.5180963,CAF,,,,,18.6201801,7.6882896
FALSE,0,,14.7397266524184,39,0,21271879.7476499,19820.7389970428,22960.5109865067,23,0.758702450071103,58,0,CAF,,,,,18.8422203,7.2554598
TRUE,116217.744045544,am timan - TCD,22.1056807662148,118,2569072.34924045,208108604.515765,78827.2521910696,99700.6622177325,45,9.02923835549048,14,123510152.879009,TCD,"","","",,20.283433,11.043288
FALSE,32551.9502295004,sibut - CAF,21.8986018529994,37,712842.197614481,63575376.846047,27305.7878269804,28440.8355388673,22,8.80971199522173,17,34270443.5054167,CAF,,,,,19.07827,5.7289
FALSE,12181.4135896359,dimbi - CAF,15.2712507673484,36,186025.421628115,23753994.9851182,13800.3123069554,15936.4493568979,25,15.2392539530747,40,8943316.94141019,CAF,,,,,21.7223091,4.6208501
TRUE,65652.4645163909,kaga-bandoro - CAF,16.9942853847015,101,1115716.71820053,97618593.8399478,40979.4084328318,46423.9661953108,30,31.4246717704726,74,53638949.6680991,CAF,"","","",,19.187438,6.989613
FALSE,23421.356470395,grimari - CAF,18.0342218725702,39,422385.939143662,57765562.9043305,34903.6224183653,40417.7367513377,22,12.3072855311152,26,20306532.7969456,CAF,,,,,19.9792404,5.76651
TRUE,96147.3172368317,bambari - CAF,38.7566567523092,53,3726348.57180326,206472892.300263,25461.6537693137,29288.0139650127,23,113.943341236115,212,179147108.068003,CAF,"","","",,20.675951,5.768074
TRUE,194141.797886032,abeche - TCD,33.1725202717307,52,6440172.72596463,327864782.574953,17003.5786541858,36294.6624113895,45,30.971195673672,64,309616316.639071,TCD,"","","",,20.832372,13.829383
TRUE,50797.8058074734,goz beida - TCD,24.5368638257424,37,1246418.84374448,86533917.0127704,24795.9675166508,39939.4099605902,72,4.22945474712406,18,59922556.0882598,TCD,"","","",,21.409856,12.226433
FALSE,0,,15.011962030373,51,0,16531159.5233486,15403.4247145916,24775.8364692203,34,1.06279656162637,1,0,SDN,,,,,22.6137085,12.1152802
TRUE,60303.9198865452,bangassou - CAF,21.9243955216003,32,1322126.99109552,76169201.6012344,11746.8894291051,13642.8476321939,15,17.4462058929894,49,63562284.2011241,CAF,"","","",,22.818282,4.741398
